Year,Datetime,Stage,Home Team Name,Home Team Goals,Away Team Goals,Away Team Name
1930.0,13 Jul 1930 - 15:00 ,Group 1,France,4.0,1.0,Mexico
1930.0,13 Jul 1930 - 15:00 ,Group 4,USA,3.0,0.0,Belgium
1930.0,14 Jul 1930 - 12:45 ,Group 2,Yugoslavia,2.0,1.0,Brazil
1930.0,14 Jul 1930 - 14:50 ,Group 3,Romania,3.0,1.0,Peru
1930.0,15 Jul 1930 - 16:00 ,Group 1,Argentina,1.0,0.0,France
1930.0,16 Jul 1930 - 14:45 ,Group 1,Chile,3.0,0.0,Mexico
1930.0,17 Jul 1930 - 12:45 ,Group 2,Yugoslavia,4.0,0.0,Bolivia
1930.0,17 Jul 1930 - 14:45 ,Group 4,USA,3.0,0.0,Paraguay
1930.0,18 Jul 1930 - 14:30 ,Group 3,Uruguay,1.0,0.0,Peru
1930.0,19 Jul 1930 - 12:50 ,Group 1,Chile,1.0,0.0,France
1930.0,19 Jul 1930 - 15:00 ,Group 1,Argentina,6.0,3.0,Mexico
1930.0,20 Jul 1930 - 13:00 ,Group 2,Brazil,4.0,0.0,Bolivia
1930.0,20 Jul 1930 - 15:00 ,Group 4,Paraguay,1.0,0.0,Belgium
1930.0,21 Jul 1930 - 14:50 ,Group 3,Uruguay,4.0,0.0,Romania
1930.0,22 Jul 1930 - 14:45 ,Group 1,Argentina,3.0,1.0,Chile
1930.0,26 Jul 1930 - 14:45 ,Semi-finals,Argentina,6.0,1.0,USA
1930.0,27 Jul 1930 - 14:45 ,Semi-finals,Uruguay,6.0,1.0,Yugoslavia
1930.0,30 Jul 1930 - 14:15 ,Final,Uruguay,4.0,2.0,Argentina
1934.0,27 May 1934 - 16:30 ,Preliminary round,Austria,3.0,2.0,France
1934.0,27 May 1934 - 16:30 ,Preliminary round,Hungary,4.0,2.0,Egypt
1934.0,27 May 1934 - 16:30 ,Preliminary round,Switzerland,3.0,2.0,Netherlands
1934.0,27 May 1934 - 16:30 ,Preliminary round,Sweden,3.0,2.0,Argentina
1934.0,27 May 1934 - 16:30 ,Preliminary round,Germany,5.0,2.0,Belgium
1934.0,27 May 1934 - 16:30 ,Preliminary round,Spain,3.0,1.0,Brazil
1934.0,27 May 1934 - 16:30 ,Preliminary round,Italy,7.0,1.0,USA
1934.0,27 May 1934 - 16:30 ,Preliminary round,Czechoslovakia,2.0,1.0,Romania
1934.0,31 May 1934 - 16:30 ,Quarter-finals,Czechoslovakia,3.0,2.0,Switzerland
1934.0,31 May 1934 - 16:30 ,Quarter-finals,Germany,2.0,1.0,Sweden
1934.0,31 May 1934 - 16:30 ,Quarter-finals,Italy,1.0,1.0,Spain
1934.0,31 May 1934 - 16:30 ,Quarter-finals,Austria,2.0,1.0,Hungary
1934.0,01 Jun 1934 - 16:30 ,Quarter-finals,Italy,1.0,0.0,Spain
1934.0,03 Jun 1934 - 16:30 ,Semi-finals,Italy,1.0,0.0,Austria
1934.0,03 Jun 1934 - 16:30 ,Semi-finals,Czechoslovakia,3.0,1.0,Germany
1934.0,07 Jun 1934 - 18:00 ,Match for third place,Germany,3.0,2.0,Austria
1934.0,10 Jun 1934 - 17:30 ,Final,Italy,2.0,1.0,Czechoslovakia
1938.0,04 Jun 1938 - 17:00 ,First round,Switzerland,1.0,1.0,Germany
1938.0,05 Jun 1938 - 17:00 ,First round,Hungary,6.0,0.0,Dutch East Indies
1938.0,05 Jun 1938 - 17:00 ,First round,France,3.0,1.0,Belgium
1938.0,05 Jun 1938 - 17:00 ,First round,Cuba,3.0,3.0,Romania
1938.0,05 Jun 1938 - 17:00 ,First round,Italy,2.0,1.0,Norway
1938.0,05 Jun 1938 - 17:30 ,First round,Brazil,6.0,5.0,Poland
1938.0,05 Jun 1938 - 18:30 ,First round,Czechoslovakia,3.0,0.0,Netherlands
1938.0,09 Jun 1938 - 18:00 ,First round,Cuba,2.0,1.0,Romania
1938.0,09 Jun 1938 - 18:00 ,First round,Switzerland,4.0,2.0,Germany
1938.0,12 Jun 1938 - 17:00 ,Quarter-finals,Brazil,1.0,1.0,Czechoslovakia
1938.0,12 Jun 1938 - 17:00 ,Quarter-finals,Hungary,2.0,0.0,Switzerland
1938.0,12 Jun 1938 - 17:00 ,Quarter-finals,Sweden,8.0,0.0,Cuba
1938.0,12 Jun 1938 - 17:00 ,Quarter-finals,Italy,3.0,1.0,France
1938.0,14 Jun 1938 - 18:00 ,Quarter-finals,Brazil,2.0,1.0,Czechoslovakia
1938.0,16 Jun 1938 - 18:00 ,Semi-finals,Hungary,5.0,1.0,Sweden
1938.0,16 Jun 1938 - 18:00 ,Semi-finals,Italy,2.0,1.0,Brazil
1938.0,19 Jun 1938 - 17:00 ,Match for third place,Brazil,4.0,2.0,Sweden
1938.0,19 Jun 1938 - 17:00 ,Final,Italy,4.0,2.0,Hungary
1950.0,24 Jun 1950 - 15:00 ,Group 1,Brazil,4.0,0.0,Mexico
1950.0,25 Jun 1950 - 15:00 ,Group 2,England,2.0,0.0,Chile
1950.0,25 Jun 1950 - 15:00 ,Group 2,Spain,3.0,1.0,USA
1950.0,25 Jun 1950 - 15:00 ,Group 3,Sweden,3.0,2.0,Italy
1950.0,25 Jun 1950 - 15:00 ,Group 1,Yugoslavia,3.0,0.0,Switzerland
1950.0,28 Jun 1950 - 15:00 ,Group 1,Brazil,2.0,2.0,Switzerland
1950.0,28 Jun 1950 - 15:00 ,Group 1,Yugoslavia,4.0,1.0,Mexico
1950.0,29 Jun 1950 - 15:00 ,Group 2,Spain,2.0,0.0,Chile
1950.0,29 Jun 1950 - 15:30 ,Group 3,Sweden,2.0,2.0,Paraguay
1950.0,29 Jun 1950 - 15:00 ,Group 2,USA,1.0,0.0,England
1950.0,01 Jul 1950 - 15:00 ,Group 1,Brazil,2.0,0.0,Yugoslavia
1950.0,02 Jul 1950 - 15:00 ,Group 2,Spain,1.0,0.0,England
1950.0,02 Jul 1950 - 15:00 ,Group 3,Italy,2.0,0.0,Paraguay
1950.0,02 Jul 1950 - 15:00 ,Group 4,Uruguay,8.0,0.0,Bolivia
1950.0,02 Jul 1950 - 15:40 ,Group 1,Switzerland,2.0,1.0,Mexico
1950.0,02 Jul 1950 - 15:00 ,Group 2,Chile,5.0,2.0,USA
1950.0,09 Jul 1950 - 15:00 ,Group 6,Uruguay,2.0,2.0,Spain
1950.0,09 Jul 1950 - 15:00 ,Group 6,Brazil,7.0,1.0,Sweden
1950.0,13 Jul 1950 - 15:00 ,Group 6,Brazil,6.0,1.0,Spain
1950.0,13 Jul 1950 - 15:00 ,Group 6,Uruguay,3.0,2.0,Sweden
1950.0,16 Jul 1950 - 15:00 ,Group 6,Sweden,3.0,1.0,Spain
1950.0,16 Jul 1950 - 15:00 ,Group 6,Uruguay,2.0,1.0,Brazil
1954.0,16 Jun 1954 - 18:00 ,Group 3,Uruguay,2.0,0.0,Czechoslovakia
1954.0,16 Jun 1954 - 18:00 ,Group 3,Austria,1.0,0.0,Scotland
1954.0,16 Jun 1954 - 18:00 ,Group 1,Brazil,5.0,0.0,Mexico
1954.0,16 Jun 1954 - 18:00 ,Group 1,Yugoslavia,1.0,0.0,France
1954.0,17 Jun 1954 - 18:00 ,Group 2,Germany FR,4.0,1.0,Turkey
1954.0,17 Jun 1954 - 18:00 ,Group 2,Hungary,9.0,0.0,Korea Republic
1954.0,17 Jun 1954 - 18:10 ,Group 4,England,4.0,4.0,Belgium
1954.0,17 Jun 1954 - 17:50 ,Group 4,Switzerland,2.0,1.0,Italy
1954.0,19 Jun 1954 - 16:50 ,Group 3,Uruguay,7.0,0.0,Scotland
1954.0,19 Jun 1954 - 17:00 ,Group 3,Austria,5.0,0.0,Czechoslovakia
1954.0,19 Jun 1954 - 17:10 ,Group 1,France,3.0,2.0,Mexico
1954.0,19 Jun 1954 - 17:00 ,Group 1,Brazil,1.0,1.0,Yugoslavia
1954.0,20 Jun 1954 - 16:50 ,Group 2,Hungary,8.0,3.0,Germany FR
1954.0,20 Jun 1954 - 17:00 ,Group 2,Turkey,7.0,0.0,Korea Republic
1954.0,20 Jun 1954 - 17:10 ,Group 4,England,2.0,0.0,Switzerland
1954.0,20 Jun 1954 - 17:00 ,Group 4,Italy,4.0,1.0,Belgium
1954.0,23 Jun 1954 - 18:00 ,Group 2,Germany FR,7.0,2.0,Turkey
1954.0,23 Jun 1954 - 18:00 ,Group 4,Switzerland,4.0,1.0,Italy
1954.0,26 Jun 1954 - 17:00 ,Quarter-finals,Uruguay,4.0,2.0,England
1954.0,26 Jun 1954 - 17:00 ,Quarter-finals,Austria,7.0,5.0,Switzerland
1954.0,27 Jun 1954 - 17:00 ,Quarter-finals,Germany FR,2.0,0.0,Yugoslavia
1954.0,27 Jun 1954 - 17:00 ,Quarter-finals,Hungary,4.0,2.0,Brazil
1954.0,30 Jun 1954 - 18:00 ,Semi-finals,Germany FR,6.0,1.0,Austria
1954.0,30 Jun 1954 - 18:00 ,Semi-finals,Hungary,4.0,2.0,Uruguay
1954.0,03 Jul 1954 - 17:00 ,Match for third place,Austria,3.0,1.0,Uruguay
1954.0,04 Jul 1954 - 17:00 ,Final,Germany FR,3.0,2.0,Hungary
1958.0,08 Jun 1958 - 14:00 ,Group 3,Sweden,3.0,0.0,Mexico
1958.0,08 Jun 1958 - 19:00 ,Group 4,Soviet Union,2.0,2.0,England
1958.0,08 Jun 1958 - 19:00 ,Group 1,Argentina,1.0,3.0,Germany FR
1958.0,08 Jun 1958 - 19:00 ,Group 3,Hungary,1.0,1.0,Wales
1958.0,08 Jun 1958 - 19:00 ,Group 2,France,7.0,3.0,Paraguay
1958.0,08 Jun 1958 - 19:00 ,Group 2,Yugoslavia,1.0,1.0,Scotland
1958.0,08 Jun 1958 - 19:00 ,Group 4,Brazil,3.0,0.0,Austria
1958.0,08 Jun 1958 - 19:00 ,Group 1,Northern Ireland,1.0,0.0,Czechoslovakia
1958.0,11 Jun 1958 - 19:00 ,Group 4,Brazil,0.0,0.0,England
1958.0,11 Jun 1958 - 19:00 ,Group 3,Mexico,1.0,1.0,Wales
1958.0,11 Jun 1958 - 19:00 ,Group 2,Paraguay,3.0,2.0,Scotland
1958.0,11 Jun 1958 - 19:00 ,Group 2,Yugoslavia,3.0,2.0,France
1958.0,11 Jun 1958 - 19:00 ,Group 4,Soviet Union,2.0,0.0,Austria
1958.0,11 Jun 1958 - 19:00 ,Group 1,Germany FR,2.0,2.0,Czechoslovakia
1958.0,11 Jun 1958 - 19:00 ,Group 1,Argentina,3.0,1.0,Northern Ireland
1958.0,12 Jun 1958 - 19:00 ,Group 3,Sweden,2.0,1.0,Hungary
1958.0,15 Jun 1958 - 14:00 ,Group 3,Sweden,0.0,0.0,Wales
1958.0,15 Jun 1958 - 19:00 ,Group 4,Brazil,2.0,0.0,Soviet Union
1958.0,15 Jun 1958 - 19:00 ,Group 1,Germany FR,2.0,2.0,Northern Ireland
1958.0,15 Jun 1958 - 19:00 ,Group 3,Hungary,4.0,0.0,Mexico
1958.0,15 Jun 1958 - 19:00 ,Group 2,Paraguay,3.0,3.0,Yugoslavia
1958.0,15 Jun 1958 - 19:00 ,Group 2,France,2.0,1.0,Scotland
1958.0,15 Jun 1958 - 19:00 ,Group 4,England,2.0,2.0,Austria
1958.0,15 Jun 1958 - 19:00 ,Group 1,Czechoslovakia,6.0,1.0,Argentina
1958.0,17 Jun 1958 - 19:00 ,Group 4,Soviet Union,1.0,0.0,England
1958.0,17 Jun 1958 - 19:00 ,Group 1,Northern Ireland,2.0,1.0,Czechoslovakia
1958.0,17 Jun 1958 - 19:00 ,Group 3,Wales,2.0,1.0,Hungary
1958.0,19 Jun 1958 - 19:00 ,Quarter-finals,Brazil,1.0,0.0,Wales
1958.0,19 Jun 1958 - 19:00 ,Quarter-finals,Germany FR,1.0,0.0,Yugoslavia
1958.0,19 Jun 1958 - 19:00 ,Quarter-finals,Sweden,2.0,0.0,Soviet Union
1958.0,19 Jun 1958 - 19:00 ,Quarter-finals,France,4.0,0.0,Northern Ireland
1958.0,24 Jun 1958 - 19:00 ,Semi-finals,Sweden,3.0,1.0,Germany FR
1958.0,24 Jun 1958 - 19:00 ,Semi-finals,Brazil,5.0,2.0,France
1958.0,28 Jun 1958 - 17:00 ,Match for third place,France,6.0,3.0,Germany FR
1958.0,29 Jun 1958 - 15:00 ,Final,Brazil,5.0,2.0,Sweden
1962.0,30 May 1962 - 15:00 ,Group 1,Uruguay,2.0,1.0,Colombia
1962.0,30 May 1962 - 15:00 ,Group 3,Brazil,2.0,0.0,Mexico
1962.0,30 May 1962 - 15:00 ,Group 4,Argentina,1.0,0.0,Bulgaria
1962.0,30 May 1962 - 15:00 ,Group 2,Chile,3.0,1.0,Switzerland
1962.0,31 May 1962 - 15:00 ,Group 1,Soviet Union,2.0,0.0,Yugoslavia
1962.0,31 May 1962 - 15:00 ,Group 3,Czechoslovakia,1.0,0.0,Spain
1962.0,31 May 1962 - 15:00 ,Group 4,Hungary,2.0,1.0,England
1962.0,31 May 1962 - 15:00 ,Group 2,Germany FR,0.0,0.0,Italy
1962.0,02 Jun 1962 - 15:00 ,Group 1,Yugoslavia,3.0,1.0,Uruguay
1962.0,02 Jun 1962 - 15:00 ,Group 3,Brazil,0.0,0.0,Czechoslovakia
1962.0,02 Jun 1962 - 15:00 ,Group 4,England,3.0,1.0,Argentina
1962.0,02 Jun 1962 - 15:00 ,Group 2,Chile,2.0,0.0,Italy
1962.0,03 Jun 1962 - 15:00 ,Group 1,Soviet Union,4.0,4.0,Colombia
1962.0,03 Jun 1962 - 15:00 ,Group 3,Spain,1.0,0.0,Mexico
1962.0,03 Jun 1962 - 15:00 ,Group 4,Hungary,6.0,1.0,Bulgaria
1962.0,03 Jun 1962 - 15:00 ,Group 2,Germany FR,2.0,1.0,Switzerland
1962.0,06 Jun 1962 - 15:00 ,Group 1,Soviet Union,2.0,1.0,Uruguay
1962.0,06 Jun 1962 - 15:00 ,Group 3,Brazil,2.0,1.0,Spain
1962.0,06 Jun 1962 - 15:00 ,Group 4,Hungary,0.0,0.0,Argentina
1962.0,06 Jun 1962 - 15:00 ,Group 2,Germany FR,2.0,0.0,Chile
1962.0,07 Jun 1962 - 15:00 ,Group 1,Yugoslavia,5.0,0.0,Colombia
1962.0,07 Jun 1962 - 15:00 ,Group 3,Mexico,3.0,1.0,Czechoslovakia
1962.0,07 Jun 1962 - 15:00 ,Group 4,England,0.0,0.0,Bulgaria
1962.0,07 Jun 1962 - 15:00 ,Group 2,Italy,3.0,0.0,Switzerland
1962.0,10 Jun 1962 - 14:30 ,Quarter-finals,Chile,2.0,1.0,Soviet Union
1962.0,10 Jun 1962 - 14:30 ,Quarter-finals,Brazil,3.0,1.0,England
1962.0,10 Jun 1962 - 14:30 ,Quarter-finals,Czechoslovakia,1.0,0.0,Hungary
1962.0,10 Jun 1962 - 14:30 ,Quarter-finals,Yugoslavia,1.0,0.0,Germany FR
1962.0,13 Jun 1962 - 14:30 ,Semi-finals,Czechoslovakia,3.0,1.0,Yugoslavia
1962.0,13 Jun 1962 - 14:30 ,Semi-finals,Brazil,4.0,2.0,Chile
1962.0,16 Jun 1962 - 14:30 ,Match for third place,Chile,1.0,0.0,Yugoslavia
1962.0,17 Jun 1962 - 14:30 ,Final,Brazil,3.0,1.0,Czechoslovakia
1966.0,11 Jul 1966 - 19:30 ,Group 1,England,0.0,0.0,Uruguay
1966.0,12 Jul 1966 - 19:30 ,Group 2,Germany FR,5.0,0.0,Switzerland
1966.0,12 Jul 1966 - 19:30 ,Group 3,Brazil,2.0,0.0,Bulgaria
1966.0,12 Jul 1966 - 19:30 ,Group 4,Soviet Union,3.0,0.0,Korea DPR
1966.0,13 Jul 1966 - 19:30 ,Group 1,France,1.0,1.0,Mexico
1966.0,13 Jul 1966 - 19:30 ,Group 3,Portugal,3.0,1.0,Hungary
1966.0,13 Jul 1966 - 19:30 ,Group 2,Argentina,2.0,1.0,Spain
1966.0,13 Jul 1966 - 19:30 ,Group 4,Italy,2.0,0.0,Chile
1966.0,15 Jul 1966 - 19:30 ,Group 1,Uruguay,2.0,1.0,France
1966.0,15 Jul 1966 - 19:30 ,Group 2,Spain,2.0,1.0,Switzerland
1966.0,15 Jul 1966 - 19:30 ,Group 3,Hungary,3.0,1.0,Brazil
1966.0,15 Jul 1966 - 19:30 ,Group 4,Korea DPR,1.0,1.0,Chile
1966.0,16 Jul 1966 - 15:00 ,Group 3,Portugal,3.0,0.0,Bulgaria
1966.0,16 Jul 1966 - 15:00 ,Group 2,Germany FR,0.0,0.0,Argentina
1966.0,16 Jul 1966 - 15:00 ,Group 4,Soviet Union,1.0,0.0,Italy
1966.0,16 Jul 1966 - 19:30 ,Group 1,England,2.0,0.0,Mexico
1966.0,19 Jul 1966 - 16:30 ,Group 1,Uruguay,0.0,0.0,Mexico
1966.0,19 Jul 1966 - 19:30 ,Group 2,Argentina,2.0,0.0,Switzerland
1966.0,19 Jul 1966 - 19:30 ,Group 3,Portugal,3.0,1.0,Brazil
1966.0,19 Jul 1966 - 19:30 ,Group 4,Korea DPR,1.0,0.0,Italy
1966.0,20 Jul 1966 - 19:30 ,Group 1,England,2.0,0.0,France
1966.0,20 Jul 1966 - 19:30 ,Group 3,Hungary,3.0,1.0,Bulgaria
1966.0,20 Jul 1966 - 19:30 ,Group 2,Germany FR,2.0,1.0,Spain
1966.0,20 Jul 1966 - 19:30 ,Group 4,Soviet Union,2.0,1.0,Chile
1966.0,23 Jul 1966 - 15:00 ,Quarter-finals,England,1.0,0.0,Argentina
1966.0,23 Jul 1966 - 15:00 ,Quarter-finals,Germany FR,4.0,0.0,Uruguay
1966.0,23 Jul 1966 - 15:00 ,Quarter-finals,Soviet Union,2.0,1.0,Hungary
1966.0,23 Jul 1966 - 15:00 ,Quarter-finals,Portugal,5.0,3.0,Korea DPR
1966.0,25 Jul 1966 - 19:30 ,Semi-finals,Germany FR,2.0,1.0,Soviet Union
1966.0,26 Jul 1966 - 19:30 ,Semi-finals,England,2.0,1.0,Portugal
1966.0,28 Jul 1966 - 19:30 ,Match for third place,Portugal,2.0,1.0,Soviet Union
1966.0,30 Jul 1966 - 15:00 ,Final,England,4.0,2.0,Germany FR
1970.0,31 May 1970 - 12:00 ,Group 1,Mexico,0.0,0.0,Soviet Union
1970.0,02 Jun 1970 - 16:00 ,Group 2,Uruguay,2.0,0.0,Israel
1970.0,02 Jun 1970 - 16:00 ,Group 4,Peru,3.0,2.0,Bulgaria
1970.0,02 Jun 1970 - 16:00 ,Group 3,England,1.0,0.0,Romania
1970.0,03 Jun 1970 - 16:00 ,Group 2,Italy,1.0,0.0,Sweden
1970.0,03 Jun 1970 - 16:00 ,Group 4,Germany FR,2.0,1.0,Morocco
1970.0,03 Jun 1970 - 16:00 ,Group 3,Brazil,4.0,1.0,Czechoslovakia
1970.0,03 Jun 1970 - 16:00 ,Group 1,Belgium,3.0,0.0,El Salvador
1970.0,06 Jun 1970 - 16:00 ,Group 2,Uruguay,0.0,0.0,Italy
1970.0,06 Jun 1970 - 16:00 ,Group 4,Peru,3.0,0.0,Morocco
1970.0,06 Jun 1970 - 16:00 ,Group 3,Romania,2.0,1.0,Czechoslovakia
1970.0,06 Jun 1970 - 16:00 ,Group 1,Soviet Union,4.0,1.0,Belgium
1970.0,07 Jun 1970 - 12:00 ,Group 2,Sweden,1.0,1.0,Israel
1970.0,07 Jun 1970 - 12:00 ,Group 4,Germany FR,5.0,2.0,Bulgaria
1970.0,07 Jun 1970 - 12:00 ,Group 3,Brazil,1.0,0.0,England
1970.0,07 Jun 1970 - 12:00 ,Group 1,Mexico,4.0,0.0,El Salvador
1970.0,10 Jun 1970 - 16:00 ,Group 2,Sweden,1.0,0.0,Uruguay
1970.0,10 Jun 1970 - 16:00 ,Group 4,Germany FR,3.0,1.0,Peru
1970.0,10 Jun 1970 - 16:00 ,Group 3,Brazil,3.0,2.0,Romania
1970.0,10 Jun 1970 - 16:00 ,Group 1,Soviet Union,2.0,0.0,El Salvador
1970.0,11 Jun 1970 - 16:00 ,Group 2,Italy,0.0,0.0,Israel
1970.0,11 Jun 1970 - 16:00 ,Group 4,Bulgaria,1.0,1.0,Morocco
1970.0,11 Jun 1970 - 16:00 ,Group 3,England,1.0,0.0,Czechoslovakia
1970.0,11 Jun 1970 - 16:00 ,Group 1,Mexico,1.0,0.0,Belgium
1970.0,14 Jun 1970 - 12:00 ,Quarter-finals,Italy,4.0,1.0,Mexico
1970.0,14 Jun 1970 - 12:00 ,Quarter-finals,Germany FR,3.0,2.0,England
1970.0,14 Jun 1970 - 12:00 ,Quarter-finals,Brazil,4.0,2.0,Peru
1970.0,14 Jun 1970 - 12:00 ,Quarter-finals,Uruguay,1.0,0.0,Soviet Union
1970.0,17 Jun 1970 - 16:00 ,Semi-finals,Brazil,3.0,1.0,Uruguay
1970.0,17 June 1970 - 16:00 ,Semi-finals,Italy,4.0,3.0,Germany FR
1970.0,20 Jun 1970 - 16:00 ,Match for third place,Germany FR,1.0,0.0,Uruguay
1970.0,21 Jun 1970 - 12:00 ,Final,Brazil,4.0,1.0,Italy
1974.0,13 Jun 1974 - 17:00 ,Group 2,Brazil,0.0,0.0,Yugoslavia
1974.0,14 Jun 1974 - 16:00 ,Group 1,Germany FR,1.0,0.0,Chile
1974.0,14 Jun 1974 - 19:30 ,Group 1,German DR,2.0,0.0,Australia
1974.0,14 Jun 1974 - 19:30 ,Group 2,Zaire,0.0,2.0,Scotland
1974.0,15 Jun 1974 - 16:00 ,Group 3,Uruguay,0.0,2.0,Netherlands
1974.0,15 Jun 1974 - 16:00 ,Group 3,Sweden,0.0,0.0,Bulgaria
1974.0,15 Jun 1974 - 18:00 ,Group 4,Italy,3.0,1.0,Haiti
1974.0,15 Jun 1974 - 18:00 ,Group 4,Poland,3.0,2.0,Argentina
1974.0,18 Jun 1974 - 16:00 ,Group 1,Australia,0.0,3.0,Germany FR
1974.0,18 Jun 1974 - 19:30 ,Group 2,Scotland,0.0,0.0,Brazil
1974.0,18 Jun 1974 - 19:30 ,Group 1,Chile,1.0,1.0,German DR
1974.0,18 Jun 1974 - 19:30 ,Group 2,Yugoslavia,9.0,0.0,Zaire
1974.0,19 Jun 1974 - 19:30 ,Group 3,Netherlands,0.0,0.0,Sweden
1974.0,19 Jun 1974 - 19:30 ,Group 3,Bulgaria,1.0,1.0,Uruguay
1974.0,19 Jun 1974 - 19:30 ,Group 4,Haiti,0.0,7.0,Poland
1974.0,19 Jun 1974 - 19:30 ,Group 4,Argentina,1.0,1.0,Italy
1974.0,22 Jun 1974 - 16:00 ,Group 2,Scotland,1.0,1.0,Yugoslavia
1974.0,22 Jun 1974 - 16:00 ,Group 1,Australia,0.0,0.0,Chile
1974.0,22 Jun 1974 - 16:00 ,Group 2,Zaire,0.0,3.0,Brazil
1974.0,22 June 1974 - 19:30 ,Group 1,German DR,1.0,0.0,Germany FR
1974.0,23 Jun 1974 - 16:00 ,Group 3,Bulgaria,1.0,4.0,Netherlands
1974.0,23 Jun 1974 - 16:00 ,Group 4,Argentina,4.0,1.0,Haiti
1974.0,23 Jun 1974 - 16:00 ,Group 3,Sweden,3.0,0.0,Uruguay
1974.0,23 Jun 1974 - 16:00 ,Group 4,Poland,2.0,1.0,Italy
1974.0,26 Jun 1974 - 16:00 ,Group B,Yugoslavia,0.0,2.0,Germany FR
1974.0,26 Jun 1974 - 19:30 ,Group A,Brazil,1.0,0.0,German DR
1974.0,26 Jun 1974 - 19:30 ,Group A,Netherlands,4.0,0.0,Argentina
1974.0,26 Jun 1974 - 19:30 ,Group B,Sweden,0.0,1.0,Poland
1974.0,30 Jun 1974 - 16:00 ,Group A,Argentina,1.0,2.0,Brazil
1974.0,30 Jun 1974 - 16:00 ,Group B,Poland,2.0,1.0,Yugoslavia
1974.0,30 Jun 1974 - 16:00 ,Group A,German DR,0.0,2.0,Netherlands
1974.0,30 Jun 1974 - 19:30 ,Group B,Germany FR,4.0,2.0,Sweden
1974.0,03 Jul 1974 - 17:00 ,Group B,Poland,0.0,1.0,Germany FR
1974.0,03 Jul 1974 - 19:30 ,Group A,Netherlands,2.0,0.0,Brazil
1974.0,03 Jul 1974 - 19:30 ,Group A,Argentina,1.0,1.0,German DR
1974.0,03 Jul 1974 - 19:30 ,Group B,Sweden,2.0,1.0,Yugoslavia
1974.0,06 Jul 1974 - 16:00 ,Match for third place,Brazil,0.0,1.0,Poland
1974.0,07 July 1974 - 16:00 ,Final,Netherlands,1.0,2.0,Germany FR
1978.0,01 Jun 1978 - 15:00 ,Group 2,Germany FR,0.0,0.0,Poland
1978.0,02 Jun 1978 - 13:45 ,Group 1,Italy,2.0,1.0,France
1978.0,02 Jun 1978 - 16:45 ,Group 2,Tunisia,3.0,1.0,Mexico
1978.0,02 Jun 1978 - 19:15 ,Group 1,Argentina,2.0,1.0,Hungary
1978.0,03 Jun 1978 - 13:45 ,Group 3,Sweden,1.0,1.0,Brazil
1978.0,03 Jun 1978 - 13:45 ,Group 3,Austria,2.0,1.0,Spain
1978.0,03 Jun 1978 - 16:45 ,Group 4,Peru,3.0,1.0,Scotland
1978.0,03 Jun 1978 - 16:45 ,Group 4,Netherlands,3.0,0.0,IR Iran
1978.0,06 Jun 1978 - 13:45 ,Group 1,Italy,3.0,1.0,Hungary
1978.0,06 Jun 1978 - 16:45 ,Group 2,Poland,1.0,0.0,Tunisia
1978.0,06 Jun 1978 - 16:45 ,Group 2,Germany FR,6.0,0.0,Mexico
1978.0,06 Jun 1978 - 19:15 ,Group 1,Argentina,2.0,1.0,France
1978.0,07 Jun 1978 - 13:45 ,Group 3,Brazil,0.0,0.0,Spain
1978.0,07 Jun 1978 - 13:45 ,Group 3,Austria,1.0,0.0,Sweden
1978.0,07 Jun 1978 - 16:45 ,Group 4,Scotland,1.0,1.0,IR Iran
1978.0,07 Jun 1978 - 16:45 ,Group 4,Netherlands,0.0,0.0,Peru
1978.0,10 Jun 1978 - 15:10 ,Group 1,France,3.0,1.0,Hungary
1978.0,10 Jun 1978 - 16:45 ,Group 2,Poland,3.0,1.0,Mexico
1978.0,10 Jun 1978 - 16:45 ,Group 2,Germany FR,0.0,0.0,Tunisia
1978.0,10 Jun 1978 - 19:15 ,Group 1,Italy,1.0,0.0,Argentina
1978.0,11 Jun 1978 - 13:45 ,Group 3,Brazil,1.0,0.0,Austria
1978.0,11 Jun 1978 - 13:45 ,Group 3,Spain,1.0,0.0,Sweden
1978.0,11 Jun 1978 - 16:45 ,Group 4,Peru,4.0,1.0,Iran
1978.0,11 Jun 1978 - 16:45 ,Group 4,Scotland,3.0,2.0,Netherlands
1978.0,14 Jun 1978 - 13:45 ,Group A,Germany FR,0.0,0.0,Italy
1978.0,14 Jun 1978 - 13:45 ,Group A,Netherlands,5.0,1.0,Austria
1978.0,14 Jun 1978 - 16:45 ,Group B,Brazil,3.0,0.0,Peru
1978.0,14 Jun 1978 - 19:15 ,Group B,Argentina,2.0,0.0,Poland
1978.0,18 Jun 1978 - 13:45 ,Group B,Poland,1.0,0.0,Peru
1978.0,18 Jun 1978 - 16:45 ,Group A,Italy,1.0,0.0,Austria
1978.0,18 Jun 1978 - 16:45 ,Group A,Germany FR,2.0,2.0,Netherlands
1978.0,18 Jun 1978 - 19:15 ,Group B,Argentina,0.0,0.0,Brazil
1978.0,21 Jun 1978 - 13:45 ,Group A,Netherlands,2.0,1.0,Italy
1978.0,21 Jun 1978 - 13:45 ,Group A,Austria,3.0,2.0,Germany FR
1978.0,21 Jun 1978 - 16:45 ,Group B,Brazil,3.0,1.0,Poland
1978.0,21 Jun 1978 - 19:15 ,Group B,Argentina,6.0,0.0,Peru
1978.0,24 Jun 1978 - 15:00 ,Match for third place,Brazil,2.0,1.0,Italy
1978.0,25 Jun 1978 - 15:00 ,Final,Argentina,3.0,1.0,Netherlands
1982.0,13 Jun 1982 - 20:00 ,Group 3,Argentina,0.0,1.0,Belgium
1982.0,14 Jun 1982 - 17:15 ,Group 1,Italy,0.0,0.0,Poland
1982.0,14 Jun 1982 - 21:00 ,Group 6,Brazil,2.0,1.0,Soviet Union
1982.0,15 Jun 1982 - 17:15 ,Group 1,Peru,0.0,0.0,Cameroon
1982.0,15 Jun 1982 - 21:00 ,Group 3,Hungary,10.0,1.0,El Salvador
1982.0,15 Jun 1982 - 21:00 ,Group 6,Scotland,5.0,2.0,New Zealand
1982.0,16 Jun 1982 - 17:15 ,Group 2,Germany FR,1.0,2.0,Algeria
1982.0,16 Jun 1982 - 17:15 ,Group 4,England,3.0,1.0,France
1982.0,16 Jun 1982 - 21:00 ,Group 5,Spain,1.0,1.0,Honduras
1982.0,17 Jun 1982 - 17:15 ,Group 2,Chile,0.0,1.0,Austria
1982.0,17 Jun 1982 - 17:45 ,Group 4,Czechoslovakia,1.0,1.0,Kuwait
1982.0,17 Jun 1982 - 21:00 ,Group 5,Yugoslavia,0.0,0.0,Northern Ireland
1982.0,18 Jun 1982 - 17:15 ,Group 1,Italy,1.0,1.0,Peru
1982.0,18 Jun 1982 - 21:00 ,Group 3,Argentina,4.0,1.0,Hungary
1982.0,18 Jun 1982 - 21:00 ,Group 6,Brazil,4.0,1.0,Scotland
1982.0,19 Jun 1982 - 19:15 ,Group 1,Poland,0.0,0.0,Cameroon
1982.0,19 Jun 1982 - 21:00 ,Group 3,Belgium,1.0,0.0,El Salvador
1982.0,19 Jun 1982 - 21:00 ,Group 6,Soviet Union,3.0,0.0,New Zealand
1982.0,20 Jun 1982 - 17:15 ,Group 2,Germany FR,4.0,1.0,Chile
1982.0,20 Jun 1982 - 17:15 ,Group 4,England,2.0,0.0,Czechoslovakia
1982.0,20 Jun 1982 - 21:00 ,Group 5,Spain,2.0,1.0,Yugoslavia
1982.0,21 Jun 1982 - 17:15 ,Group 2,Algeria,0.0,2.0,Austria
1982.0,21 Jun 1982 - 17:15 ,Group 4,France,4.0,1.0,Kuwait
1982.0,21 Jun 1982 - 21:00 ,Group 5,Honduras,1.0,1.0,Northern Ireland
1982.0,22 Jun 1982 - 17:15 ,Group 1,Poland,5.0,1.0,Peru
1982.0,22 Jun 1982 - 21:00 ,Group 3,Belgium,1.0,1.0,Hungary
1982.0,22 Jun 1982 - 21:00 ,Group 6,Soviet Union,2.0,2.0,Scotland
1982.0,23 Jun 1982 - 17:15 ,Group 1,Italy,1.0,1.0,Cameroon
1982.0,23 Jun 1982 - 21:00 ,Group 3,Argentina,2.0,0.0,El Salvador
1982.0,23 Jun 1982 - 21:00 ,Group 6,Brazil,4.0,0.0,New Zealand
1982.0,24 Jun 1982 - 17:15 ,Group 2,Algeria,3.0,2.0,Chile
1982.0,24 Jun 1982 - 17:15 ,Group 4,France,1.0,1.0,Czechoslovakia
1982.0,24 Jun 1982 - 21:00 ,Group 5,Honduras,0.0,1.0,Yugoslavia
1982.0,25 Jun 1982 - 17:15 ,Group 2,Germany FR,1.0,0.0,Austria
1982.0,25 Jun 1982 - 17:15 ,Group 4,England,1.0,0.0,Kuwait
1982.0,25 Jun 1982 - 21:00 ,Group 5,Northern Ireland,1.0,0.0,Spain
1982.0,28 Jun 1982 - 17:15 ,Group 4,Austria,0.0,1.0,France
1982.0,28 Jun 1982 - 21:00 ,Group 1,Poland,3.0,0.0,Belgium
1982.0,29 Jun 1982 - 17:15 ,Group 3,Italy,2.0,1.0,Argentina
1982.0,29 Jun 1982 - 21:00 ,Group 2,Germany FR,0.0,0.0,England
1982.0,01 Jul 1982 - 17:15 ,Group 4,Austria,2.0,2.0,Northern Ireland
1982.0,01 Jul 1982 - 21:00 ,Group 1,Belgium,0.0,1.0,Soviet Union
1982.0,02 Jul 1982 - 17:15 ,Group 3,Argentina,1.0,3.0,Brazil
1982.0,02 Jul 1982 - 21:00 ,Group 2,Germany FR,2.0,1.0,Spain
1982.0,04 Jul 1982 - 17:15 ,Group 4,France,4.0,1.0,Northern Ireland
1982.0,04 Jul 1982 - 21:00 ,Group 1,Poland,0.0,0.0,Soviet Union
1982.0,05 Jul 1982 - 17:15 ,Group 3,Italy,3.0,2.0,Brazil
1982.0,05 Jul 1982 - 21:00 ,Group 2,Spain,0.0,0.0,England
1982.0,08 Jul 1982 - 17:15 ,Semi-finals,Poland,0.0,2.0,Italy
1982.0,08 Jul 1982 - 21:00 ,Semi-finals,Germany FR,3.0,3.0,France
1982.0,10 Jul 1982 - 20:00 ,Match for third place,Poland,3.0,2.0,France
1982.0,11 Jul 1982 - 20:00 ,Final,Italy,3.0,1.0,Germany FR
1986.0,31 May 1986 - 12:00 ,Group A,Bulgaria,1.0,1.0,Italy
1986.0,01 Jun 1986 - 16:00 ,Group C,Canada,0.0,1.0,France
1986.0,01 Jun 1986 - 12:00 ,Group D,Spain,0.0,1.0,Brazil
1986.0,02 Jun 1986 - 12:00 ,Group C,Soviet Union,6.0,0.0,Hungary
1986.0,02 Jun 1986 - 12:00 ,Group A,Argentina,3.0,1.0,Korea Republic
1986.0,02 Jun 1986 - 16:00 ,Group F,Morocco,0.0,0.0,Poland
1986.0,03 Jun 1986 - 12:00 ,Group D,Algeria,1.0,1.0,Northern Ireland
1986.0,03 Jun 1986 - 12:00 ,Group B,Belgium,1.0,2.0,Mexico
1986.0,03 Jun 1986 - 16:00 ,Group F,Portugal,1.0,0.0,England
1986.0,04 Jun 1986 - 12:00 ,Group B,Paraguay,1.0,0.0,Iraq
1986.0,04 Jun 1986 - 16:00 ,Group E,Scotland,0.0,1.0,Denmark
1986.0,04 Jun 1986 - 12:00 ,Group E,Uruguay,1.0,1.0,Germany FR
1986.0,05 Jun 1986 - 12:00 ,Group A,Italy,1.0,1.0,Argentina
1986.0,05 Jun 1986 - 12:00 ,Group C,France,1.0,1.0,Soviet Union
1986.0,05 Jun 1986 - 16:00 ,Group A,Korea Republic,1.0,1.0,Bulgaria
1986.0,06 Jun 1986 - 12:00 ,Group C,Hungary,2.0,0.0,Canada
1986.0,06 Jun 1986 - 12:00 ,Group D,Brazil,1.0,0.0,Algeria
1986.0,06 Jun 1986 - 16:00 ,Group F,England,0.0,0.0,Morocco
1986.0,07 Jun 1986 - 12:00 ,Group D,Northern Ireland,1.0,2.0,Spain
1986.0,07 Jun 1986 - 12:00 ,Group B,Mexico,1.0,1.0,Paraguay
1986.0,07 Jun 1986 - 16:00 ,Group F,Poland,1.0,0.0,Portugal
1986.0,08 Jun 1986 - 12:00 ,Group B,Iraq,1.0,2.0,Belgium
1986.0,08 Jun 1986 - 16:00 ,Group E,Denmark,6.0,1.0,Uruguay
1986.0,08 Jun 1986 - 12:00 ,Group E,Germany FR,2.0,1.0,Scotland
1986.0,09 Jun 1986 - 12:00 ,Group C,Hungary,0.0,3.0,France
1986.0,09 Jun 1986 - 12:00 ,Group C,Soviet Union,2.0,0.0,Canada
1986.0,10 Jun 1986 - 12:00 ,Group A,Korea Republic,2.0,3.0,Italy
1986.0,10 Jun 1986 - 12:00 ,Group A,Argentina,2.0,0.0,Bulgaria
1986.0,11 Jun 1986 - 12:00 ,Group B,Paraguay,2.0,2.0,Belgium
1986.0,11 Jun 1986 - 12:00 ,Group B,Iraq,0.0,1.0,Mexico
1986.0,11 Jun 1986 - 16:00 ,Group F,Portugal,1.0,3.0,Morocco
1986.0,11 Jun 1986 - 16:00 ,Group F,England,3.0,0.0,Poland
1986.0,12 Jun 1986 - 12:00 ,Group D,Northern Ireland,0.0,3.0,Brazil
1986.0,12 Jun 1986 - 12:00 ,Group D,Algeria,0.0,3.0,Spain
1986.0,13 Jun 1986 - 12:00 ,Group E,Scotland,0.0,0.0,Uruguay
1986.0,13 Jun 1986 - 12:00 ,Group E,Denmark,2.0,0.0,Germany FR
1986.0,15 Jun 1986 - 16:00 ,Round of 16,Soviet Union,3.0,4.0,Belgium
1986.0,15 Jun 1986 - 12:00 ,Round of 16,Mexico,2.0,0.0,Bulgaria
1986.0,16 Jun 1986 - 16:00 ,Round of 16,Argentina,1.0,0.0,Uruguay
1986.0,16 Jun 1986 - 12:00 ,Round of 16,Brazil,4.0,0.0,Poland
1986.0,17 Jun 1986 - 12:00 ,Round of 16,Italy,0.0,2.0,France
1986.0,17 Jun 1986 - 16:00 ,Round of 16,Morocco,0.0,1.0,Germany FR
1986.0,18 Jun 1986 - 12:00 ,Round of 16,England,3.0,0.0,Paraguay
1986.0,18 Jun 1986 - 16:00 ,Round of 16,Denmark,1.0,5.0,Spain
1986.0,21 Jun 1986 - 12:00 ,Quarter-finals,Brazil,1.0,1.0,France
1986.0,21 Jun 1986 - 16:00 ,Quarter-finals,Germany FR,0.0,0.0,Mexico
1986.0,22 Jun 1986 - 16:00 ,Quarter-finals,Spain,1.0,1.0,Belgium
1986.0,22 Jun 1986 - 12:00 ,Quarter-finals,Argentina,2.0,1.0,England
1986.0,25 Jun 1986 - 12:00 ,Semi-finals,France,0.0,2.0,Germany FR
1986.0,25 Jun 1986 - 16:00 ,Semi-finals,Argentina,2.0,0.0,Belgium
1986.0,28 Jun 1986 - 12:00 ,Match for third place,France,4.0,2.0,Belgium
1986.0,29 Jun 1986 - 12:00 ,Final,Argentina,3.0,2.0,Germany FR
1990.0,08 Jun 1990 - 18:00 ,Group B,Argentina,0.0,1.0,Cameroon
1990.0,09 Jun 1990 - 17:00 ,Group B,Soviet Union,0.0,2.0,Romania
1990.0,09 Jun 1990 - 17:00 ,Group D,"rn"">United Arab Emirates",0.0,2.0,Colombia
1990.0,09 Jun 1990 - 21:00 ,Group A,Italy,1.0,0.0,Austria
1990.0,10 Jun 1990 - 17:00 ,Group A,USA,1.0,5.0,Czechoslovakia
1990.0,10 Jun 1990 - 21:00 ,Group C,Brazil,2.0,1.0,Sweden
1990.0,10 Jun 1990 - 21:00 ,Group D,Germany FR,4.0,1.0,Yugoslavia
1990.0,11 Jun 1990 - 17:00 ,Group C,Costa Rica,1.0,0.0,Scotland
1990.0,11 Jun 1990 - 21:00 ,Group F,England,1.0,1.0,"rn"">Republic of Ireland"
1990.0,12 Jun 1990 - 17:00 ,Group E,Belgium,2.0,0.0,Korea Republic
1990.0,12 Jun 1990 - 21:00 ,Group F,Netherlands,1.0,1.0,Egypt
1990.0,13 Jun 1990 - 17:00 ,Group E,Uruguay,0.0,0.0,Spain
1990.0,13 Jun 1990 - 21:00 ,Group B,Argentina,2.0,0.0,Soviet Union
1990.0,14 Jun 1990 - 17:00 ,Group B,Cameroon,2.0,1.0,Romania
1990.0,14 Jun 1990 - 17:00 ,Group D,Yugoslavia,1.0,0.0,Colombia
1990.0,14 Jun 1990 - 21:00 ,Group A,Italy,1.0,0.0,USA
1990.0,15 Jun 1990 - 17:00 ,Group A,Austria,0.0,1.0,Czechoslovakia
1990.0,15 Jun 1990 - 21:00 ,Group D,Germany FR,5.0,1.0,"rn"">United Arab Emirates"
1990.0,16 Jun 1990 - 17:00 ,Group C,Brazil,1.0,0.0,Costa Rica
1990.0,16 Jun 1990 - 21:00 ,Group C,Sweden,1.0,2.0,Scotland
1990.0,16 Jun 1990 - 21:00 ,Group F,England,0.0,0.0,Netherlands
1990.0,17 Jun 1990 - 17:00 ,Group F,"rn"">Republic of Ireland",0.0,0.0,Egypt
1990.0,17 Jun 1990 - 21:00 ,Group E,Korea Republic,1.0,3.0,Spain
1990.0,17 Jun 1990 - 21:00 ,Group E,Belgium,3.0,1.0,Uruguay
1990.0,18 Jun 1990 - 21:00 ,Group B,Argentina,1.0,1.0,Romania
1990.0,18 Jun 1990 - 21:00 ,Group B,Cameroon,0.0,4.0,Soviet Union
1990.0,19 Jun 1990 - 17:00 ,Group D,Germany FR,1.0,1.0,Colombia
1990.0,19 Jun 1990 - 17:00 ,Group D,Yugoslavia,4.0,1.0,"rn"">United Arab Emirates"
1990.0,19 Jun 1990 - 21:00 ,Group A,Italy,2.0,0.0,Czechoslovakia
1990.0,19 Jun 1990 - 21:00 ,Group A,Austria,2.0,1.0,USA
1990.0,20 Jun 1990 - 21:00 ,Group C,Brazil,1.0,0.0,Scotland
1990.0,20 Jun 1990 - 21:00 ,Group C,Sweden,1.0,2.0,Costa Rica
1990.0,21 Jun 1990 - 17:00 ,Group E,Korea Republic,0.0,1.0,Uruguay
1990.0,21 Jun 1990 - 17:00 ,Group E,Belgium,1.0,2.0,Spain
1990.0,21 Jun 1990 - 21:00 ,Group F,"rn"">Republic of Ireland",1.0,1.0,Netherlands
1990.0,21 Jun 1990 - 21:00 ,Group F,England,1.0,0.0,Egypt
1990.0,23 Jun 1990 - 17:00 ,Round of 16,Cameroon,2.0,1.0,Colombia
1990.0,23 Jun 1990 - 21:00 ,Round of 16,Czechoslovakia,4.0,1.0,Costa Rica
1990.0,24 Jun 1990 - 17:00 ,Round of 16,Brazil,0.0,1.0,Argentina
1990.0,24 Jun 1990 - 21:00 ,Round of 16,Germany FR,2.0,1.0,Netherlands
1990.0,25 Jun 1990 - 17:00 ,Round of 16,"rn"">Republic of Ireland",0.0,0.0,Romania
1990.0,25 Jun 1990 - 21:00 ,Round of 16,Italy,2.0,0.0,Uruguay
1990.0,26 Jun 1990 - 17:00 ,Round of 16,Spain,1.0,2.0,Yugoslavia
1990.0,26 Jun 1990 - 21:00 ,Round of 16,England,1.0,0.0,Belgium
1990.0,30 Jun 1990 - 17:00 ,Quarter-finals,Yugoslavia,0.0,0.0,Argentina
1990.0,30 Jun 1990 - 21:00 ,Quarter-finals,Italy,1.0,0.0,"rn"">Republic of Ireland"
1990.0,01 Jul 1990 - 17:00 ,Quarter-finals,Germany FR,1.0,0.0,Czechoslovakia
1990.0,01 Jul 1990 - 21:00 ,Quarter-finals,England,3.0,2.0,Cameroon
1990.0,03 Jul 1990 - 20:00 ,Semi-finals,Italy,1.0,1.0,Argentina
1990.0,04 Jul 1990 - 20:00 ,Semi-finals,Germany FR,1.0,1.0,England
1990.0,07 Jul 1990 - 20:00 ,Match for third place,Italy,2.0,1.0,England
1990.0,08 Jul 1990 - 20:00 ,Final,Germany FR,1.0,0.0,Argentina
1994.0,17 Jun 1994 - 19:30 ,Group C,Spain,2.0,2.0,Korea Republic
1994.0,17 Jun 1994 - 15:00 ,Group C,Germany,1.0,0.0,Bolivia
1994.0,18 Jun 1994 - 11:30 ,Group A,USA,1.0,1.0,Switzerland
1994.0,18 Jun 1994 - 16:00 ,Group E,Italy,0.0,1.0,"rn"">Republic of Ireland"
1994.0,18 Jun 1994 - 19:30 ,Group A,Colombia,1.0,3.0,Romania
1994.0,19 Jun 1994 - 12:30 ,Group F,Belgium,1.0,0.0,Morocco
1994.0,19 Jun 1994 - 16:00 ,Group E,Norway,1.0,0.0,Mexico
1994.0,19 Jun 1994 - 19:30 ,Group B,Cameroon,2.0,2.0,Sweden
1994.0,20 Jun 1994 - 19:30 ,Group F,Netherlands,2.0,1.0,Saudi Arabia
1994.0,20 Jun 1994 - 16:00 ,Group B,Brazil,2.0,0.0,Russia
1994.0,21 Jun 1994 - 12:30 ,Group D,Argentina,4.0,0.0,Greece
1994.0,21 Jun 1994 - 19:30 ,Group D,Nigeria,3.0,0.0,Bulgaria
1994.0,21 Jun 1994 - 16:00 ,Group C,Germany,1.0,1.0,Spain
1994.0,22 Jun 1994 - 16:00 ,Group A,Romania,1.0,4.0,Switzerland
1994.0,22 Jun 1994 - 19:30 ,Group A,USA,2.0,1.0,Colombia
1994.0,23 Jun 1994 - 16:00 ,Group E,Italy,1.0,0.0,Norway
1994.0,23 Jun 1994 - 19:30 ,Group C,Korea Republic,0.0,0.0,Bolivia
1994.0,24 Jun 1994 - 12:30 ,Group E,Mexico,2.0,1.0,"rn"">Republic of Ireland"
1994.0,24 Jun 1994 - 19:30 ,Group B,Sweden,3.0,1.0,Russia
1994.0,24 Jun 1994 - 16:00 ,Group B,Brazil,3.0,0.0,Cameroon
1994.0,25 Jun 1994 - 12:30 ,Group F,Belgium,1.0,0.0,Netherlands
1994.0,25 Jun 1994 - 12:30 ,Group F,Saudi Arabia,2.0,1.0,Morocco
1994.0,25 Jun 1994 - 16:00 ,Group D,Argentina,2.0,1.0,Nigeria
1994.0,26 Jun 1994 - 12:30 ,Group D,Bulgaria,4.0,0.0,Greece
1994.0,26 Jun 1994 - 16:00 ,Group A,USA,0.0,1.0,Romania
1994.0,26 Jun 1994 - 16:00 ,Group A,Switzerland,0.0,2.0,Colombia
1994.0,27 Jun 1994 - 16:00 ,Group C,Germany,3.0,2.0,Korea Republic
1994.0,27 Jun 1994 - 16:00 ,Group C,Bolivia,1.0,3.0,Spain
1994.0,28 Jun 1994 - 12:30 ,Group E,"rn"">Republic of Ireland",0.0,0.0,Norway
1994.0,28 Jun 1994 - 16:00 ,Group B,Brazil,1.0,1.0,Sweden
1994.0,28 Jun 1994 - 12:30 ,Group E,Italy,1.0,1.0,Mexico
1994.0,28 Jun 1994 - 16:00 ,Group B,Russia,6.0,1.0,Cameroon
1994.0,29 Jun 1994 - 12:30 ,Group F,Morocco,1.0,2.0,Netherlands
1994.0,29 Jun 1994 - 12:30 ,Group F,Belgium,0.0,1.0,Saudi Arabia
1994.0,30 Jun 1994 - 19:30 ,Group D,Greece,0.0,2.0,Nigeria
1994.0,30 Jun 1994 - 19:30 ,Group D,Argentina,0.0,2.0,Bulgaria
1994.0,02 Jul 1994 - 12:00 ,Round of 16,Germany,3.0,2.0,Belgium
1994.0,02 Jul 1994 - 16:30 ,Round of 16,Spain,3.0,0.0,Switzerland
1994.0,03 Jul 1994 - 12:00 ,Round of 16,Saudi Arabia,1.0,3.0,Sweden
1994.0,03 Jul 1994 - 13:30 ,Round of 16,Romania,3.0,2.0,Argentina
1994.0,04 Jul 1994 - 12:00 ,Round of 16,Netherlands,2.0,0.0,"rn"">Republic of Ireland"
1994.0,04 Jul 1994 - 12:30 ,Round of 16,Brazil,1.0,0.0,USA
1994.0,05 Jul 1994 - 13:00 ,Round of 16,Nigeria,1.0,2.0,Italy
1994.0,05 Jul 1994 - 16:30 ,Round of 16,Mexico,1.0,1.0,Bulgaria
1994.0,09 Jul 1994 - 12:00 ,Quarter-finals,Italy,2.0,1.0,Spain
1994.0,09 Jul 1994 - 14:30 ,Quarter-finals,Netherlands,2.0,3.0,Brazil
1994.0,10 Jul 1994 - 12:00 ,Quarter-finals,Bulgaria,2.0,1.0,Germany
1994.0,10 Jul 1994 - 12:30 ,Quarter-finals,Romania,2.0,2.0,Sweden
1994.0,13 Jul 1994 - 16:00 ,Semi-finals,Bulgaria,1.0,2.0,Italy
1994.0,13 Jul 1994 - 16:30 ,Semi-finals,Sweden,0.0,1.0,Brazil
1994.0,16 Jul 1994 - 12:30 ,Match for third place,Sweden,4.0,0.0,Bulgaria
1994.0,17 Jul 1994 - 12:30 ,Final,Brazil,0.0,0.0,Italy
1998.0,10 Jun 1998 - 17:30 ,Group A,Brazil,2.0,1.0,Scotland
1998.0,10 Jun 1998 - 21:00 ,Group A,Morocco,2.0,2.0,Norway
1998.0,11 Jun 1998 - 17:30 ,Group B,Italy,2.0,2.0,Chile
1998.0,11 Jun 1998 - 21:00 ,Group B,Cameroon,1.0,1.0,Austria
1998.0,12 Jun 1998 - 14:30 ,Group D,Paraguay,0.0,0.0,Bulgaria
1998.0,12 Jun 1998 - 17:30 ,Group C,Saudi Arabia,0.0,1.0,Denmark
1998.0,12 Jun 1998 - 21:00 ,Group C,France,3.0,0.0,South Africa
1998.0,13 Jun 1998 - 14:30 ,Group D,Spain,2.0,3.0,Nigeria
1998.0,13 Jun 1998 - 17:30 ,Group E,Korea Republic,1.0,3.0,Mexico
1998.0,13 Jun 1998 - 21:00 ,Group E,Netherlands,0.0,0.0,Belgium
1998.0,14 Jun 1998 - 14:30 ,Group H,Argentina,1.0,0.0,Japan
1998.0,14 Jun 1998 - 17:30 ,Group F,Yugoslavia,1.0,0.0,Iran
1998.0,14 Jun 1998 - 21:00 ,Group H,Jamaica,1.0,3.0,Croatia
1998.0,15 Jun 1998 - 14:30 ,Group G,England,2.0,0.0,Tunisia
1998.0,15 Jun 1998 - 17:30 ,Group G,Romania,1.0,0.0,Colombia
1998.0,15 Jun 1998 - 21:00 ,Group F,Germany,2.0,0.0,USA
1998.0,16 Jun 1998 - 17:30 ,Group A,Scotland,1.0,1.0,Norway
1998.0,16 Jun 1998 - 21:00 ,Group A,Brazil,3.0,0.0,Morocco
1998.0,17 Jun 1998 - 17:30 ,Group B,Chile,1.0,1.0,Austria
1998.0,17 Jun 1998 - 21:00 ,Group B,Italy,3.0,0.0,Cameroon
1998.0,18 Jun 1998 - 17:30 ,Group C,South Africa,1.0,1.0,Denmark
1998.0,18 Jun 1998 - 21:00 ,Group C,France,4.0,0.0,Saudi Arabia
1998.0,19 Jun 1998 - 17:30 ,Group D,Nigeria,1.0,0.0,Bulgaria
1998.0,19 Jun 1998 - 21:00 ,Group D,Spain,0.0,0.0,Paraguay
1998.0,20 Jun 1998 - 14:30 ,Group H,Japan,0.0,1.0,Croatia
1998.0,20 Jun 1998 - 17:30 ,Group E,Belgium,2.0,2.0,Mexico
1998.0,20 Jun 1998 - 21:00 ,Group E,Netherlands,5.0,0.0,Korea Republic
1998.0,21 Jun 1998 - 14:30 ,Group F,Germany,2.0,2.0,Yugoslavia
1998.0,21 Jun 1998 - 17:30 ,Group H,Argentina,5.0,0.0,Jamaica
1998.0,21 Jun 1998 - 21:00 ,Group F,USA,1.0,2.0,Iran
1998.0,22 Jun 1998 - 17:30 ,Group G,Colombia,1.0,0.0,Tunisia
1998.0,22 Jun 1998 - 21:00 ,Group G,Romania,2.0,1.0,England
1998.0,23 Jun 1998 - 16:00 ,Group B,Italy,2.0,1.0,Austria
1998.0,23 Jun 1998 - 16:00 ,Group B,Chile,1.0,1.0,Cameroon
1998.0,23 Jun 1998 - 21:00 ,Group A,Scotland,0.0,3.0,Morocco
1998.0,23 Jun 1998 - 21:00 ,Group A,Brazil,1.0,2.0,Norway
1998.0,24 Jun 1998 - 16:00 ,Group C,France,2.0,1.0,Denmark
1998.0,24 Jun 1998 - 16:00 ,Group C,South Africa,2.0,2.0,Saudi Arabia
1998.0,24 Jun 1998 - 21:00 ,Group D,Spain,6.0,1.0,Bulgaria
1998.0,24 Jun 1998 - 21:00 ,Group D,Nigeria,1.0,3.0,Paraguay
1998.0,25 Jun 1998 - 16:00 ,Group E,Belgium,1.0,1.0,Korea Republic
1998.0,25 Jun 1998 - 16:00 ,Group E,Netherlands,2.0,2.0,Mexico
1998.0,25 Jun 1998 - 21:00 ,Group F,Germany,2.0,0.0,Iran
1998.0,25 Jun 1998 - 21:00 ,Group F,USA,0.0,1.0,Yugoslavia
1998.0,26 Jun 1998 - 16:00 ,Group H,Japan,1.0,2.0,Jamaica
1998.0,26 Jun 1998 - 16:00 ,Group H,Argentina,1.0,0.0,Croatia
1998.0,26 Jun 1998 - 21:00 ,Group G,Romania,1.0,1.0,Tunisia
1998.0,26 Jun 1998 - 21:00 ,Group G,Colombia,0.0,2.0,England
1998.0,27 Jun 1998 - 16:30 ,Round of 16,Italy,1.0,0.0,Norway
1998.0,27 Jun 1998 - 21:00 ,Round of 16,Brazil,4.0,1.0,Chile
1998.0,28 Jun 1998 - 16:30 ,Round of 16,France,1.0,0.0,Paraguay
1998.0,28 Jun 1998 - 21:00 ,Round of 16,Nigeria,1.0,4.0,Denmark
1998.0,29 Jun 1998 - 16:30 ,Round of 16,Germany,2.0,1.0,Mexico
1998.0,29 Jun 1998 - 21:00 ,Round of 16,Netherlands,2.0,1.0,Yugoslavia
1998.0,30 Jun 1998 - 16:30 ,Round of 16,Romania,0.0,1.0,Croatia
1998.0,30 Jun 1998 - 21:00 ,Round of 16,Argentina,2.0,2.0,England
1998.0,03 Jul 1998 - 16:30 ,Quarter-finals,Italy,0.0,0.0,France
1998.0,03 Jul 1998 - 21:00 ,Quarter-finals,Brazil,3.0,2.0,Denmark
1998.0,04 Jul 1998 - 16:30 ,Quarter-finals,Netherlands,2.0,1.0,Argentina
1998.0,04 Jul 1998 - 21:00 ,Quarter-finals,Germany,0.0,3.0,Croatia
1998.0,07 Jul 1998 - 21:00 ,Semi-finals,Brazil,1.0,1.0,Netherlands
1998.0,08 Jul 1998 - 21:00 ,Semi-finals,France,2.0,1.0,Croatia
1998.0,11 Jul 1998 - 21:00 ,Match for third place,Netherlands,1.0,2.0,Croatia
1998.0,12 Jul 1998 - 21:00 ,Final,Brazil,0.0,3.0,France
2002.0,31 May 2002 - 20:30 ,Group A,France,0.0,1.0,Senegal
2002.0,01 Jun 2002 - 18:00 ,Group A,Uruguay,1.0,2.0,Denmark
2002.0,01 Jun 2002 - 15:30 ,Group E,"rn"">Republic of Ireland",1.0,1.0,Cameroon
2002.0,01 Jun 2002 - 20:30 ,Group E,Germany,8.0,0.0,Saudi Arabia
2002.0,02 Jun 2002 - 14:30 ,Group F,Argentina,1.0,0.0,Nigeria
2002.0,02 Jun 2002 - 16:30 ,Group B,Paraguay,2.0,2.0,South Africa
2002.0,02 Jun 2002 - 18:30 ,Group F,England,1.0,1.0,Sweden
2002.0,02 Jun 2002 - 20:30 ,Group B,Spain,3.0,1.0,Slovenia
2002.0,03 June 2002 - 18:00 ,Group C,Brazil,2.0,1.0,Turkey
2002.0,03 Jun 2002 - 20:30 ,Group G,Italy,2.0,0.0,Ecuador
2002.0,03 Jun 2002 - 15:30 ,Group G,Croatia,0.0,1.0,Mexico
2002.0,04 June 2002 - 15:30 ,Group C,China PR,0.0,2.0,Costa Rica
2002.0,04 June 2002 - 18:00 ,Group H,Japan,2.0,2.0,Belgium
2002.0,04 Jun 2002 - 20:30 ,Group D,Korea Republic,2.0,0.0,Poland
2002.0,05 Jun 2002 - 15:30 ,Group H,Russia,2.0,0.0,Tunisia
2002.0,05 Jun 2002 - 18:00 ,Group D,USA,3.0,2.0,Portugal
2002.0,05 Jun 2002 - 20:30 ,Group E,Germany,1.0,1.0,"rn"">Republic of Ireland"
2002.0,06 Jun 2002 - 15:30 ,Group A,Denmark,1.0,1.0,Senegal
2002.0,06 Jun 2002 - 18:00 ,Group E,Cameroon,1.0,0.0,Saudi Arabia
2002.0,06 Jun 2002 - 20:30 ,Group A,France,0.0,0.0,Uruguay
2002.0,07 Jun 2002 - 15:30 ,Group F,Sweden,2.0,1.0,Nigeria
2002.0,07 Jun 2002 - 20:30 ,Group F,Argentina,0.0,1.0,England
2002.0,07 June 2002 - 18:00 ,Group B,Spain,3.0,1.0,Paraguay
2002.0,08 Jun 2002 - 15:30 ,Group B,South Africa,1.0,0.0,Slovenia
2002.0,08 Jun 2002 - 20:30 ,Group C,Brazil,4.0,0.0,China PR
2002.0,08 June 2002 - 18:00 ,Group G,Italy,1.0,2.0,Croatia
2002.0,09 Jun 2002 - 18:00 ,Group C,Costa Rica,1.0,1.0,Turkey
2002.0,09 Jun 2002 - 20:30 ,Group H,Japan,1.0,0.0,Russia
2002.0,09 Jun 2002 - 15:30 ,Group G,Mexico,2.0,1.0,Ecuador
2002.0,10 Jun 2002 - 15:30 ,Group D,Korea Republic,1.0,1.0,USA
2002.0,10 Jun 2002 - 20:30 ,Group D,Portugal,4.0,0.0,Poland
2002.0,10 Jun 2002 - 18:00 ,Group H,Tunisia,1.0,1.0,Belgium
2002.0,11 Jun 2002 - 15:30 ,Group A,Denmark,2.0,0.0,France
2002.0,11 June 2002 - 15:30 ,Group A,Senegal,3.0,3.0,Uruguay
2002.0,11 Jun 2002 - 20:30 ,Group E,Saudi Arabia,0.0,3.0,"rn"">Republic of Ireland"
2002.0,11 Jun 2002 - 20:30 ,Group E,Cameroon,0.0,2.0,Germany
2002.0,12 Jun 2002 - 15:30 ,Group F,Sweden,1.0,1.0,Argentina
2002.0,12 Jun 2002 - 15:30 ,Group F,Nigeria,0.0,0.0,England
2002.0,12 Jun 2002 - 20:30 ,Group B,Slovenia,1.0,3.0,Paraguay
2002.0,12 Jun 2002 - 20:30 ,Group B,South Africa,2.0,3.0,Spain
2002.0,13 Jun 2002 - 15:30 ,Group C,Costa Rica,2.0,5.0,Brazil
2002.0,13 Jun 2002 - 15:30 ,Group C,Turkey,3.0,0.0,China PR
2002.0,13 Jun 2002 - 20:30 ,Group G,Ecuador,1.0,0.0,Croatia
2002.0,13 Jun 2002 - 20:30 ,Group G,Mexico,1.0,1.0,Italy
2002.0,14 Jun 2002 - 15:30 ,Group H,Tunisia,0.0,2.0,Japan
2002.0,14 Jun 2002 - 20:30 ,Group D,Portugal,0.0,1.0,Korea Republic
2002.0,14 Jun 2002 - 20:30 ,Group D,Poland,3.0,1.0,USA
2002.0,14 Jun 2002 - 15:30 ,Group H,Belgium,3.0,2.0,Russia
2002.0,15 Jun 2002 - 20:30 ,Round of 16,Denmark,0.0,3.0,England
2002.0,15 Jun 2002 - 15:30 ,Round of 16,Germany,1.0,0.0,Paraguay
2002.0,16 Jun 2002 - 20:30 ,Round of 16,Spain,1.0,1.0,"rn"">Republic of Ireland"
2002.0,16 Jun 2002 - 15:30 ,Round of 16,Sweden,1.0,2.0,Senegal
2002.0,17 Jun 2002 - 20:30 ,Round of 16,Brazil,2.0,0.0,Belgium
2002.0,17 June 2002 - 15:30 ,Round of 16,Mexico,0.0,2.0,USA
2002.0,18 Jun 2002 - 15:30 ,Round of 16,Japan,0.0,1.0,Turkey
2002.0,18 Jun 2002 - 20:30 ,Round of 16,Korea Republic,2.0,1.0,Italy
2002.0,21 Jun 2002 - 15:30 ,Quarter-finals,England,1.0,2.0,Brazil
2002.0,21 Jun 2002 - 20:30 ,Quarter-finals,Germany,1.0,0.0,USA
2002.0,22 Jun 2002 - 20:30 ,Quarter-finals,Senegal,0.0,1.0,Turkey
2002.0,22 Jun 2002 - 15:30 ,Quarter-finals,Spain,0.0,0.0,Korea Republic
2002.0,25 Jun 2002 - 20:30 ,Semi-finals,Germany,1.0,0.0,Korea Republic
2002.0,26 Jun 2002 - 20:30 ,Semi-finals,Brazil,1.0,0.0,Turkey
2002.0,29 Jun 2002 - 20:00 ,Third place,Korea Republic,2.0,3.0,Turkey
2002.0,30 Jun 2002 - 20:00 ,Final,Germany,0.0,2.0,Brazil
2006.0,09 Jun 2006 - 18:00 ,Group A,Germany,4.0,2.0,Costa Rica
2006.0,09 Jun 2006 - 21:00 ,Group A,Poland,0.0,2.0,Ecuador
2006.0,10 Jun 2006 - 15:00 ,Group B,England,1.0,0.0,Paraguay
2006.0,10 Jun 2006 - 18:00 ,Group B,"rn"">Trinidad and Tobago",0.0,0.0,Sweden
2006.0,10 Jun 2006 - 21:00 ,Group C,Argentina,2.0,1.0,C�te d'Ivoire
2006.0,11 Jun 2006 - 15:00 ,Group C,"rn"">Serbia and Montenegro",0.0,1.0,Netherlands
2006.0,11 Jun 2006 - 18:00 ,Group D,Mexico,3.0,1.0,Iran
2006.0,11 Jun 2006 - 21:00 ,Group D,Angola,0.0,1.0,Portugal
2006.0,12 Jun 2006 - 15:00 ,Group F,Australia,3.0,1.0,Japan
2006.0,12 Jun 2006 - 18:00 ,Group E,USA,0.0,3.0,Czech Republic
2006.0,12 Jun 2006 - 21:00 ,Group E,Italy,2.0,0.0,Ghana
2006.0,13 Jun 2006 - 15:00 ,Group G,Korea Republic,2.0,1.0,Togo
2006.0,13 Jun 2006 - 18:00 ,Group G,France,0.0,0.0,Switzerland
2006.0,13 Jun 2006 - 21:00 ,Group F,Brazil,1.0,0.0,Croatia
2006.0,14 Jun 2006 - 15:00 ,Group H,Spain,4.0,0.0,Ukraine
2006.0,14 Jun 2006 - 18:00 ,Group H,Tunisia,2.0,2.0,Saudi Arabia
2006.0,14 Jun 2006 - 21:00 ,Group A,Germany,1.0,0.0,Poland
2006.0,15 Jun 2006 - 15:00 ,Group A,Ecuador,3.0,0.0,Costa Rica
2006.0,15 Jun 2006 - 18:00 ,Group B,England,2.0,0.0,"rn"">Trinidad and Tobago"
2006.0,15 Jun 2006 - 21:00 ,Group B,Sweden,1.0,0.0,Paraguay
2006.0,16 Jun 2006 - 15:00 ,Group C,Argentina,6.0,0.0,"rn"">Serbia and Montenegro"
2006.0,16 Jun 2006 - 18:00 ,Group C,Netherlands,2.0,1.0,C�te d'Ivoire
2006.0,16 Jun 2006 - 21:00 ,Group D,Mexico,0.0,0.0,Angola
2006.0,17 Jun 2006 - 15:00 ,Group D,Portugal,2.0,0.0,IR Iran
2006.0,17 Jun 2006 - 18:00 ,Group E,Czech Republic,0.0,2.0,Ghana
2006.0,17 Jun 2006 - 21:00 ,Group E,Italy,1.0,1.0,USA
2006.0,18 Jun 2006 - 15:00 ,Group F,Japan,0.0,0.0,Croatia
2006.0,18 Jun 2006 - 18:00 ,Group F,Brazil,2.0,0.0,Australia
2006.0,18 Jun 2006 - 21:00 ,Group G,France,1.0,1.0,Korea Republic
2006.0,19 Jun 2006 - 15:00 ,Group G,Togo,0.0,2.0,Switzerland
2006.0,19 Jun 2006 - 18:00 ,Group H,Saudi Arabia,0.0,4.0,Ukraine
2006.0,19 Jun 2006 - 21:00 ,Group H,Spain,3.0,1.0,Tunisia
2006.0,20 Jun 2006 - 16:00 ,Group A,Ecuador,0.0,3.0,Germany
2006.0,20 Jun 2006 - 16:00 ,Group A,Costa Rica,1.0,2.0,Poland
2006.0,20 Jun 2006 - 21:00 ,Group B,Sweden,2.0,2.0,England
2006.0,20 Jun 2006 - 21:00 ,Group B,Paraguay,2.0,0.0,"rn"">Trinidad and Tobago"
2006.0,21 Jun 2006 - 16:00 ,Group D,Iran,1.0,1.0,Angola
2006.0,21 Jun 2006 - 16:00 ,Group D,Portugal,2.0,1.0,Mexico
2006.0,21 Jun 2006 - 21:00 ,Group C,Netherlands,0.0,0.0,Argentina
2006.0,21 Jun 2006 - 21:00 ,Group C,C�te d'Ivoire,3.0,2.0,"rn"">Serbia and Montenegro"
2006.0,22 Jun 2006 - 16:00 ,Group E,Czech Republic,0.0,2.0,Italy
2006.0,22 Jun 2006 - 16:00 ,Group E,Ghana,2.0,1.0,USA
2006.0,22 Jun 2006 - 21:00 ,Group F,Japan,1.0,4.0,Brazil
2006.0,22 Jun 2006 - 21:00 ,Group F,Croatia,2.0,2.0,Australia
2006.0,23 Jun 2006 - 16:00 ,Group H,Ukraine,1.0,0.0,Tunisia
2006.0,23 Jun 2006 - 16:00 ,Group H,Saudi Arabia,0.0,1.0,Spain
2006.0,23 Jun 2006 - 21:00 ,Group G,Togo,0.0,2.0,France
2006.0,23 Jun 2006 - 21:00 ,Group G,Switzerland,2.0,0.0,Korea Republic
2006.0,24 Jun 2006 - 17:00 ,Round of 16,Germany,2.0,0.0,Sweden
2006.0,24 Jun 2006 - 21:00 ,Round of 16,Argentina,2.0,1.0,Mexico
2006.0,25 Jun 2006 - 17:00 ,Round of 16,England,1.0,0.0,Ecuador
2006.0,25 Jun 2006 - 21:00 ,Round of 16,Portugal,1.0,0.0,Netherlands
2006.0,26 Jun 2006 - 17:00 ,Round of 16,Italy,1.0,0.0,Australia
2006.0,26 Jun 2006 - 21:00 ,Round of 16,Switzerland,0.0,0.0,Ukraine
2006.0,27 Jun 2006 - 17:00 ,Round of 16,Brazil,3.0,0.0,Ghana
2006.0,27 Jun 2006 - 21:00 ,Round of 16,Spain,1.0,3.0,France
2006.0,30 Jun 2006 - 17:00 ,Quarter-finals,Germany,1.0,1.0,Argentina
2006.0,30 Jun 2006 - 21:00 ,Quarter-finals,Italy,3.0,0.0,Ukraine
2006.0,01 Jul 2006 - 17:00 ,Quarter-finals,England,0.0,0.0,Portugal
2006.0,01 Jul 2006 - 21:00 ,Quarter-finals,Brazil,0.0,1.0,France
2006.0,04 Jul 2006 - 21:00 ,Semi-finals,Germany,0.0,2.0,Italy
2006.0,05 Jul 2006 - 21:00 ,Semi-finals,Portugal,0.0,1.0,France
2006.0,08 Jul 2006 - 21:00 ,Third place,Germany,3.0,1.0,Portugal
2006.0,09 Jul 2006 - 20:00 ,Final,Italy,1.0,1.0,France
2010.0,11 Jun 2010 - 16:00 ,Group A,South Africa,1.0,1.0,Mexico
2010.0,11 Jun 2010 - 20:30 ,Group A,Uruguay,0.0,0.0,France
2010.0,12 Jun 2010 - 13:30 ,Group B,Korea Republic,2.0,0.0,Greece
2010.0,12 Jun 2010 - 16:00 ,Group B,Argentina,1.0,0.0,Nigeria
2010.0,12 Jun 2010 - 20:30 ,Group C,England,1.0,1.0,USA
2010.0,13 Jun 2010 - 13:30 ,Group C,Algeria,0.0,1.0,Slovenia
2010.0,13 Jun 2010 - 16:00 ,Group D,Serbia,0.0,1.0,Ghana
2010.0,13 Jun 2010 - 20:30 ,Group D,Germany,4.0,0.0,Australia
2010.0,14 Jun 2010 - 13:30 ,Group E,Netherlands,2.0,0.0,Denmark
2010.0,14 Jun 2010 - 16:00 ,Group E,Japan,1.0,0.0,Cameroon
2010.0,14 Jun 2010 - 20:30 ,Group F,Italy,1.0,1.0,Paraguay
2010.0,15 Jun 2010 - 13:30 ,Group F,New Zealand,1.0,1.0,Slovakia
2010.0,15 Jun 2010 - 16:00 ,Group G,C�te d'Ivoire,0.0,0.0,Portugal
2010.0,15 Jun 2010 - 20:30 ,Group G,Brazil,2.0,1.0,Korea DPR
2010.0,16 Jun 2010 - 13:30 ,Group H,Honduras,0.0,1.0,Chile
2010.0,16 Jun 2010 - 16:00 ,Group H,Spain,0.0,1.0,Switzerland
2010.0,16 Jun 2010 - 20:30 ,Group A,South Africa,0.0,3.0,Uruguay
2010.0,17 Jun 2010 - 13:30 ,Group B,Argentina,4.0,1.0,Korea Republic
2010.0,17 Jun 2010 - 16:00 ,Group B,Greece,2.0,1.0,Nigeria
2010.0,17 Jun 2010 - 20:30 ,Group A,France,0.0,2.0,Mexico
2010.0,18 Jun 2010 - 13:30 ,Group D,Germany,0.0,1.0,Serbia
2010.0,18 Jun 2010 - 16:00 ,Group C,Slovenia,2.0,2.0,USA
2010.0,18 Jun 2010 - 20:30 ,Group C,England,0.0,0.0,Algeria
2010.0,19 Jun 2010 - 13:30 ,Group E,Netherlands,1.0,0.0,Japan
2010.0,19 Jun 2010 - 16:00 ,Group D,Ghana,1.0,1.0,Australia
2010.0,19 Jun 2010 - 20:30 ,Group E,Cameroon,1.0,2.0,Denmark
2010.0,20 Jun 2010 - 13:30 ,Group F,Slovakia,0.0,2.0,Paraguay
2010.0,20 Jun 2010 - 16:00 ,Group F,Italy,1.0,1.0,New Zealand
2010.0,20 Jun 2010 - 20:30 ,Group G,Brazil,3.0,1.0,C�te d'Ivoire
2010.0,21 Jun 2010 - 13:30 ,Group G,Portugal,7.0,0.0,Korea DPR
2010.0,21 Jun 2010 - 16:00 ,Group H,Chile,1.0,0.0,Switzerland
2010.0,21 Jun 2010 - 20:30 ,Group H,Spain,2.0,0.0,Honduras
2010.0,22 Jun 2010 - 16:00 ,Group A,Mexico,0.0,1.0,Uruguay
2010.0,22 Jun 2010 - 16:00 ,Group A,France,1.0,2.0,South Africa
2010.0,22 Jun 2010 - 20:30 ,Group B,Nigeria,2.0,2.0,Korea Republic
2010.0,22 Jun 2010 - 20:30 ,Group B,Greece,0.0,2.0,Argentina
2010.0,23 Jun 2010 - 16:00 ,Group C,Slovenia,0.0,1.0,England
2010.0,23 Jun 2010 - 16:00 ,Group C,USA,1.0,0.0,Algeria
2010.0,23 Jun 2010 - 20:30 ,Group D,Ghana,0.0,1.0,Germany
2010.0,23 Jun 2010 - 20:30 ,Group D,Australia,2.0,1.0,Serbia
2010.0,24 Jun 2010 - 16:00 ,Group F,Slovakia,3.0,2.0,Italy
2010.0,24 Jun 2010 - 16:00 ,Group F,Paraguay,0.0,0.0,New Zealand
2010.0,24 Jun 2010 - 20:30 ,Group E,Denmark,1.0,3.0,Japan
2010.0,24 Jun 2010 - 20:30 ,Group E,Cameroon,1.0,2.0,Netherlands
2010.0,25 Jun 2010 - 16:00 ,Group G,Portugal,0.0,0.0,Brazil
2010.0,25 Jun 2010 - 16:00 ,Group G,Korea DPR,0.0,3.0,C�te d'Ivoire
2010.0,25 Jun 2010 - 20:30 ,Group H,Chile,1.0,2.0,Spain
2010.0,25 Jun 2010 - 20:30 ,Group H,Switzerland,0.0,0.0,Honduras
2010.0,26 Jun 2010 - 16:00 ,Round of 16,Uruguay,2.0,1.0,Korea Republic
2010.0,26 Jun 2010 - 20:30 ,Round of 16,USA,1.0,2.0,Ghana
2010.0,27 Jun 2010 - 16:00 ,Round of 16,Germany,4.0,1.0,England
2010.0,27 Jun 2010 - 20:30 ,Round of 16,Argentina,3.0,1.0,Mexico
2010.0,28 Jun 2010 - 16:00 ,Round of 16,Netherlands,2.0,1.0,Slovakia
2010.0,28 Jun 2010 - 20:30 ,Round of 16,Brazil,3.0,0.0,Chile
2010.0,29 Jun 2010 - 16:00 ,Round of 16,Paraguay,0.0,0.0,Japan
2010.0,29 Jun 2010 - 20:30 ,Round of 16,Spain,1.0,0.0,Portugal
2010.0,02 Jul 2010 - 16:00 ,Quarter-finals,Netherlands,2.0,1.0,Brazil
2010.0,02 Jul 2010 - 20:30 ,Quarter-finals,Uruguay,1.0,1.0,Ghana
2010.0,03 Jul 2010 - 16:00 ,Quarter-finals,Argentina,0.0,4.0,Germany
2010.0,03 Jul 2010 - 20:30 ,Quarter-finals,Paraguay,0.0,1.0,Spain
2010.0,06 Jul 2010 - 20:30 ,Semi-finals,Uruguay,2.0,3.0,Netherlands
2010.0,07 Jul 2010 - 20:30 ,Semi-finals,Germany,0.0,1.0,Spain
2010.0,10 Jul 2010 - 20:30 ,Match for third place,Uruguay,2.0,3.0,Germany
2010.0,11 Jul 2010 - 20:30 ,Final,Netherlands,0.0,1.0,Spain
2014.0,12 Jun 2014 - 17:00 ,Group A,Brazil,3.0,1.0,Croatia
2014.0,13 Jun 2014 - 13:00 ,Group A,Mexico,1.0,0.0,Cameroon
2014.0,13 Jun 2014 - 16:00 ,Group B,Spain,1.0,5.0,Netherlands
2014.0,13 Jun 2014 - 18:00 ,Group B,Chile,3.0,1.0,Australia
2014.0,14 Jun 2014 - 13:00 ,Group C,Colombia,3.0,0.0,Greece
2014.0,14 Jun 2014 - 16:00 ,Group D,Uruguay,1.0,3.0,Costa Rica
2014.0,14 Jun 2014 - 18:00 ,Group D,England,1.0,2.0,Italy
2014.0,14 Jun 2014 - 22:00 ,Group C,C�te d'Ivoire,2.0,1.0,Japan
2014.0,15 Jun 2014 - 13:00 ,Group E,Switzerland,2.0,1.0,Ecuador
2014.0,15 Jun 2014 - 16:00 ,Group E,France,3.0,0.0,Honduras
2014.0,15 Jun 2014 - 19:00 ,Group F,Argentina,2.0,1.0,"rn"">Bosnia and Herzegovina"
2014.0,16 Jun 2014 - 13:00 ,Group G,Germany,4.0,0.0,Portugal
2014.0,16 Jun 2014 - 16:00 ,Group F,IR Iran,0.0,0.0,Nigeria
2014.0,16 Jun 2014 - 19:00 ,Group G,Ghana,1.0,2.0,USA
2014.0,17 Jun 2014 - 13:00 ,Group H,Belgium,2.0,1.0,Algeria
2014.0,17 Jun 2014 - 16:00 ,Group A,Brazil,0.0,0.0,Mexico
2014.0,17 Jun 2014 - 18:00 ,Group H,Russia,1.0,1.0,Korea Republic
2014.0,18 Jun 2014 - 13:00 ,Group B,Australia,2.0,3.0,Netherlands
2014.0,18 Jun 2014 - 16:00 ,Group B,Spain,0.0,2.0,Chile
2014.0,18 Jun 2014 - 18:00 ,Group A,Cameroon,0.0,4.0,Croatia
2014.0,19 Jun 2014 - 13:00 ,Group C,Colombia,2.0,1.0,C�te d'Ivoire
2014.0,19 Jun 2014 - 16:00 ,Group D,Uruguay,2.0,1.0,England
2014.0,19 Jun 2014 - 19:00 ,Group C,Japan,0.0,0.0,Greece
2014.0,20 Jun 2014 - 13:00 ,Group D,Italy,0.0,1.0,Costa Rica
2014.0,20 Jun 2014 - 16:00 ,Group E,Switzerland,2.0,5.0,France
2014.0,20 Jun 2014 - 19:00 ,Group E,Honduras,1.0,2.0,Ecuador
2014.0,21 Jun 2014 - 13:00 ,Group F,Argentina,1.0,0.0,IR Iran
2014.0,21 Jun 2014 - 16:00 ,Group G,Germany,2.0,2.0,Ghana
2014.0,21 Jun 2014 - 18:00 ,Group F,Nigeria,1.0,0.0,"rn"">Bosnia and Herzegovina"
2014.0,22 Jun 2014 - 13:00 ,Group H,Belgium,1.0,0.0,Russia
2014.0,22 Jun 2014 - 16:00 ,Group H,Korea Republic,2.0,4.0,Algeria
2014.0,22 Jun 2014 - 18:00 ,Group G,USA,2.0,2.0,Portugal
2014.0,23 Jun 2014 - 13:00 ,Group B,Australia,0.0,3.0,Spain
2014.0,23 Jun 2014 - 13:00 ,Group B,Netherlands,2.0,0.0,Chile
2014.0,23 Jun 2014 - 17:00 ,Group A,Cameroon,1.0,4.0,Brazil
2014.0,23 Jun 2014 - 17:00 ,Group A,Croatia,1.0,3.0,Mexico
2014.0,24 Jun 2014 - 13:00 ,Group D,Italy,0.0,1.0,Uruguay
2014.0,24 Jun 2014 - 13:00 ,Group D,Costa Rica,0.0,0.0,England
2014.0,24 Jun 2014 - 16:00 ,Group C,Japan,1.0,4.0,Colombia
2014.0,24 Jun 2014 - 17:00 ,Group C,Greece,2.0,1.0,C�te d'Ivoire
2014.0,25 Jun 2014 - 13:00 ,Group F,Nigeria,2.0,3.0,Argentina
2014.0,25 Jun 2014 - 13:00 ,Group F,"rn"">Bosnia and Herzegovina",3.0,1.0,IR Iran
2014.0,25 Jun 2014 - 16:00 ,Group E,Honduras,0.0,3.0,Switzerland
2014.0,25 Jun 2014 - 17:00 ,Group E,Ecuador,0.0,0.0,France
2014.0,26 Jun 2014 - 13:00 ,Group G,USA,0.0,1.0,Germany
2014.0,26 Jun 2014 - 13:00 ,Group G,Portugal,2.0,1.0,Ghana
2014.0,26 Jun 2014 - 17:00 ,Group H,Korea Republic,0.0,1.0,Belgium
2014.0,26 Jun 2014 - 17:00 ,Group H,Algeria,1.0,1.0,Russia
2014.0,28 Jun 2014 - 13:00 ,Round of 16,Brazil,1.0,1.0,Chile
2014.0,28 Jun 2014 - 17:00 ,Round of 16,Colombia,2.0,0.0,Uruguay
2014.0,30 Jun 2014 - 13:00 ,Round of 16,France,2.0,0.0,Nigeria
2014.0,30 Jun 2014 - 17:00 ,Round of 16,Germany,2.0,1.0,Algeria
2014.0,04 Jul 2014 - 17:00 ,Quarter-finals,Brazil,2.0,1.0,Colombia
2014.0,04 Jul 2014 - 13:00 ,Quarter-finals,France,0.0,1.0,Germany
2014.0,08 Jul 2014 - 17:00 ,Semi-finals,Brazil,1.0,7.0,Germany
2014.0,12 Jul 2014 - 17:00 ,Play-off for third place,Brazil,0.0,3.0,Netherlands
2014.0,13 Jul 2014 - 16:00 ,Final,Germany,1.0,0.0,Argentina
2014.0,09 Jul 2014 - 17:00 ,Semi-finals,Netherlands,0.0,0.0,Argentina
2014.0,05 Jul 2014 - 17:00 ,Quarter-finals,Netherlands,0.0,0.0,Costa Rica
2014.0,05 Jul 2014 - 13:00 ,Quarter-finals,Argentina,1.0,0.0,Belgium
2014.0,29 Jun 2014 - 13:00 ,Round of 16,Netherlands,2.0,1.0,Mexico
2014.0,29 Jun 2014 - 17:00 ,Round of 16,Costa Rica,1.0,1.0,Greece
2014.0,01 Jul 2014 - 13:00 ,Round of 16,Argentina,1.0,0.0,Switzerland
2014.0,01 Jul 2014 - 17:00 ,Round of 16,Belgium,2.0,1.0,USA
2014.0,28 Jun 2014 - 13:00 ,Round of 16,Brazil,1.0,1.0,Chile
2014.0,28 Jun 2014 - 17:00 ,Round of 16,Colombia,2.0,0.0,Uruguay
2014.0,29 Jun 2014 - 13:00 ,Round of 16,Netherlands,2.0,1.0,Mexico
2014.0,29 Jun 2014 - 17:00 ,Round of 16,Costa Rica,1.0,1.0,Greece
2014.0,30 Jun 2014 - 13:00 ,Round of 16,France,2.0,0.0,Nigeria
2014.0,30 Jun 2014 - 17:00 ,Round of 16,Germany,2.0,1.0,Algeria
2014.0,01 Jul 2014 - 13:00 ,Round of 16,Argentina,1.0,0.0,Switzerland
2014.0,01 Jul 2014 - 17:00 ,Round of 16,Belgium,2.0,1.0,USA
2014.0,04 Jul 2014 - 13:00 ,Quarter-finals,France,0.0,1.0,Germany
2014.0,04 Jul 2014 - 17:00 ,Quarter-finals,Brazil,2.0,1.0,Colombia
2014.0,05 Jul 2014 - 13:00 ,Quarter-finals,Argentina,1.0,0.0,Belgium
2014.0,05 Jul 2014 - 17:00 ,Quarter-finals,Netherlands,0.0,0.0,Costa Rica
2014.0,08 Jul 2014 - 17:00 ,Semi-finals,Brazil,1.0,7.0,Germany
2014.0,09 Jul 2014 - 17:00 ,Semi-finals,Netherlands,0.0,0.0,Argentina
2014.0,12 Jul 2014 - 17:00 ,Play-off for third place,Brazil,0.0,3.0,Netherlands
2014.0,13 Jul 2014 - 16:00 ,Final,Germany,1.0,0.0,Argentina
,,,,,,
,,,,,,
,,,,,,
,,,,,,
,,,,,,
,,,,,,
,,,,,,
,,,,,,
,,,,,,
,,,,,,
,,,,,,
,,,,,,
,,,,,,
,,,,,,
,,,,,,
,,,,,,
,,,,,,
,,,,,,
,,,,,,
,,,,,,
,,,,,,
,,,,,,
,,,,,,
,,,,,,
,,,,,,
,,,,,,
,,,,,,
,,,,,,
,,,,,,
,,,,,,
,,,,,,
,,,,,,
,,,,,,
,,,,,,
,,,,,,
,,,,,,
,,,,,,
,,,,,,
,,,,,,
,,,,,,
,,,,,,
,,,,,,
,,,,,,
,,,,,,
,,,,,,
,,,,,,
,,,,,,
,,,,,,
,,,,,,
,,,,,,
,,,,,,
,,,,,,
,,,,,,
,,,,,,
,,,,,,
,,,,,,
,,,,,,
,,,,,,
,,,,,,
,,,,,,
,,,,,,
,,,,,,
,,,,,,
,,,,,,
,,,,,,
,,,,,,
,,,,,,
,,,,,,
,,,,,,
,,,,,,
,,,,,,
,,,,,,
,,,,,,
,,,,,,
,,,,,,
,,,,,,
,,,,,,
,,,,,,
,,,,,,
,,,,,,
,,,,,,
,,,,,,
,,,,,,
,,,,,,
,,,,,,
,,,,,,
,,,,,,
,,,,,,
,,,,,,
,,,,,,
,,,,,,
,,,,,,
,,,,,,
,,,,,,
,,,,,,
,,,,,,
,,,,,,
,,,,,,
,,,,,,
,,,,,,
,,,,,,
,,,,,,
,,,,,,
,,,,,,
,,,,,,
,,,,,,
,,,,,,
,,,,,,
,,,,,,
,,,,,,
,,,,,,
,,,,,,
,,,,,,
,,,,,,
,,,,,,
,,,,,,
,,,,,,
,,,,,,
,,,,,,
,,,,,,
,,,,,,
,,,,,,
,,,,,,
,,,,,,
,,,,,,
,,,,,,
,,,,,,
,,,,,,
,,,,,,
,,,,,,
,,,,,,
,,,,,,
,,,,,,
,,,,,,
,,,,,,
,,,,,,
,,,,,,
,,,,,,
,,,,,,
,,,,,,
,,,,,,
,,,,,,
,,,,,,
,,,,,,
,,,,,,
,,,,,,
,,,,,,
,,,,,,
,,,,,,
,,,,,,
,,,,,,
,,,,,,
,,,,,,
,,,,,,
,,,,,,
,,,,,,
,,,,,,
,,,,,,
,,,,,,
,,,,,,
,,,,,,
,,,,,,
,,,,,,
,,,,,,
,,,,,,
,,,,,,
,,,,,,
,,,,,,
,,,,,,
,,,,,,
,,,,,,
,,,,,,
,,,,,,
,,,,,,
,,,,,,
,,,,,,
,,,,,,
,,,,,,
,,,,,,
,,,,,,
,,,,,,
,,,,,,
,,,,,,
,,,,,,
,,,,,,
,,,,,,
,,,,,,
,,,,,,
,,,,,,
,,,,,,
,,,,,,
,,,,,,
,,,,,,
,,,,,,
,,,,,,
,,,,,,
,,,,,,
,,,,,,
,,,,,,
,,,,,,
,,,,,,
,,,,,,
,,,,,,
,,,,,,
,,,,,,
,,,,,,
,,,,,,
,,,,,,
,,,,,,
,,,,,,
,,,,,,
,,,,,,
,,,,,,
,,,,,,
,,,,,,
,,,,,,
,,,,,,
,,,,,,
,,,,,,
,,,,,,
,,,,,,
,,,,,,
,,,,,,
,,,,,,
,,,,,,
,,,,,,
,,,,,,
,,,,,,
,,,,,,
,,,,,,
,,,,,,
,,,,,,
,,,,,,
,,,,,,
,,,,,,
,,,,,,
,,,,,,
,,,,,,
,,,,,,
,,,,,,
,,,,,,
,,,,,,
,,,,,,
,,,,,,
,,,,,,
,,,,,,
,,,,,,
,,,,,,
,,,,,,
,,,,,,
,,,,,,
,,,,,,
,,,,,,
,,,,,,
,,,,,,
,,,,,,
,,,,,,
,,,,,,
,,,,,,
,,,,,,
,,,,,,
,,,,,,
,,,,,,
,,,,,,
,,,,,,
,,,,,,
,,,,,,
,,,,,,
,,,,,,
,,,,,,
,,,,,,
,,,,,,
,,,,,,
,,,,,,
,,,,,,
,,,,,,
,,,,,,
,,,,,,
,,,,,,
,,,,,,
,,,,,,
,,,,,,
,,,,,,
,,,,,,
,,,,,,
,,,,,,
,,,,,,
,,,,,,
,,,,,,
,,,,,,
,,,,,,
,,,,,,
,,,,,,
,,,,,,
,,,,,,
,,,,,,
,,,,,,
,,,,,,
,,,,,,
,,,,,,
,,,,,,
,,,,,,
,,,,,,
,,,,,,
,,,,,,
,,,,,,
,,,,,,
,,,,,,
,,,,,,
,,,,,,
,,,,,,
,,,,,,
,,,,,,
,,,,,,
,,,,,,
,,,,,,
,,,,,,
,,,,,,
,,,,,,
,,,,,,
,,,,,,
,,,,,,
,,,,,,
,,,,,,
,,,,,,
,,,,,,
,,,,,,
,,,,,,
,,,,,,
,,,,,,
,,,,,,
,,,,,,
,,,,,,
,,,,,,
,,,,,,
,,,,,,
,,,,,,
,,,,,,
,,,,,,
,,,,,,
,,,,,,
,,,,,,
,,,,,,
,,,,,,
,,,,,,
,,,,,,
,,,,,,
,,,,,,
,,,,,,
,,,,,,
,,,,,,
,,,,,,
,,,,,,
,,,,,,
,,,,,,
,,,,,,
,,,,,,
,,,,,,
,,,,,,
,,,,,,
,,,,,,
,,,,,,
,,,,,,
,,,,,,
,,,,,,
,,,,,,
,,,,,,
,,,,,,
,,,,,,
,,,,,,
,,,,,,
,,,,,,
,,,,,,
,,,,,,
,,,,,,
,,,,,,
,,,,,,
,,,,,,
,,,,,,
,,,,,,
,,,,,,
,,,,,,
,,,,,,
,,,,,,
,,,,,,
,,,,,,
,,,,,,
,,,,,,
,,,,,,
,,,,,,
,,,,,,
,,,,,,
,,,,,,
,,,,,,
,,,,,,
,,,,,,
,,,,,,
,,,,,,
,,,,,,
,,,,,,
,,,,,,
,,,,,,
,,,,,,
,,,,,,
,,,,,,
,,,,,,
,,,,,,
,,,,,,
,,,,,,
,,,,,,
,,,,,,
,,,,,,
,,,,,,
,,,,,,
,,,,,,
,,,,,,
,,,,,,
,,,,,,
,,,,,,
,,,,,,
,,,,,,
,,,,,,
,,,,,,
,,,,,,
,,,,,,
,,,,,,
,,,,,,
,,,,,,
,,,,,,
,,,,,,
,,,,,,
,,,,,,
,,,,,,
,,,,,,
,,,,,,
,,,,,,
,,,,,,
,,,,,,
,,,,,,
,,,,,,
,,,,,,
,,,,,,
,,,,,,
,,,,,,
,,,,,,
,,,,,,
,,,,,,
,,,,,,
,,,,,,
,,,,,,
,,,,,,
,,,,,,
,,,,,,
,,,,,,
,,,,,,
,,,,,,
,,,,,,
,,,,,,
,,,,,,
,,,,,,
,,,,,,
,,,,,,
,,,,,,
,,,,,,
,,,,,,
,,,,,,
,,,,,,
,,,,,,
,,,,,,
,,,,,,
,,,,,,
,,,,,,
,,,,,,
,,,,,,
,,,,,,
,,,,,,
,,,,,,
,,,,,,
,,,,,,
,,,,,,
,,,,,,
,,,,,,
,,,,,,
,,,,,,
,,,,,,
,,,,,,
,,,,,,
,,,,,,
,,,,,,
,,,,,,
,,,,,,
,,,,,,
,,,,,,
,,,,,,
,,,,,,
,,,,,,
,,,,,,
,,,,,,
,,,,,,
,,,,,,
,,,,,,
,,,,,,
,,,,,,
,,,,,,
,,,,,,
,,,,,,
,,,,,,
,,,,,,
,,,,,,
,,,,,,
,,,,,,
,,,,,,
,,,,,,
,,,,,,
,,,,,,
,,,,,,
,,,,,,
,,,,,,
,,,,,,
,,,,,,
,,,,,,
,,,,,,
,,,,,,
,,,,,,
,,,,,,
,,,,,,
,,,,,,
,,,,,,
,,,,,,
,,,,,,
,,,,,,
,,,,,,
,,,,,,
,,,,,,
,,,,,,
,,,,,,
,,,,,,
,,,,,,
,,,,,,
,,,,,,
,,,,,,
,,,,,,
,,,,,,
,,,,,,
,,,,,,
,,,,,,
,,,,,,
,,,,,,
,,,,,,
,,,,,,
,,,,,,
,,,,,,
,,,,,,
,,,,,,
,,,,,,
,,,,,,
,,,,,,
,,,,,,
,,,,,,
,,,,,,
,,,,,,
,,,,,,
,,,,,,
,,,,,,
,,,,,,
,,,,,,
,,,,,,
,,,,,,
,,,,,,
,,,,,,
,,,,,,
,,,,,,
,,,,,,
,,,,,,
,,,,,,
,,,,,,
,,,,,,
,,,,,,
,,,,,,
,,,,,,
,,,,,,
,,,,,,
,,,,,,
,,,,,,
,,,,,,
,,,,,,
,,,,,,
,,,,,,
,,,,,,
,,,,,,
,,,,,,
,,,,,,
,,,,,,
,,,,,,
,,,,,,
,,,,,,
,,,,,,
,,,,,,
,,,,,,
,,,,,,
,,,,,,
,,,,,,
,,,,,,
,,,,,,
,,,,,,
,,,,,,
,,,,,,
,,,,,,
,,,,,,
,,,,,,
,,,,,,
,,,,,,
,,,,,,
,,,,,,
,,,,,,
,,,,,,
,,,,,,
,,,,,,
,,,,,,
,,,,,,
,,,,,,
,,,,,,
,,,,,,
,,,,,,
,,,,,,
,,,,,,
,,,,,,
,,,,,,
,,,,,,
,,,,,,
,,,,,,
,,,,,,
,,,,,,
,,,,,,
,,,,,,
,,,,,,
,,,,,,
,,,,,,
,,,,,,
,,,,,,
,,,,,,
,,,,,,
,,,,,,
,,,,,,
,,,,,,
,,,,,,
,,,,,,
,,,,,,
,,,,,,
,,,,,,
,,,,,,
,,,,,,
,,,,,,
,,,,,,
,,,,,,
,,,,,,
,,,,,,
,,,,,,
,,,,,,
,,,,,,
,,,,,,
,,,,,,
,,,,,,
,,,,,,
,,,,,,
,,,,,,
,,,,,,
,,,,,,
,,,,,,
,,,,,,
,,,,,,
,,,,,,
,,,,,,
,,,,,,
,,,,,,
,,,,,,
,,,,,,
,,,,,,
,,,,,,
,,,,,,
,,,,,,
,,,,,,
,,,,,,
,,,,,,
,,,,,,
,,,,,,
,,,,,,
,,,,,,
,,,,,,
,,,,,,
,,,,,,
,,,,,,
,,,,,,
,,,,,,
,,,,,,
,,,,,,
,,,,,,
,,,,,,
,,,,,,
,,,,,,
,,,,,,
,,,,,,
,,,,,,
,,,,,,
,,,,,,
,,,,,,
,,,,,,
,,,,,,
,,,,,,
,,,,,,
,,,,,,
,,,,,,
,,,,,,
,,,,,,
,,,,,,
,,,,,,
,,,,,,
,,,,,,
,,,,,,
,,,,,,
,,,,,,
,,,,,,
,,,,,,
,,,,,,
,,,,,,
,,,,,,
,,,,,,
,,,,,,
,,,,,,
,,,,,,
,,,,,,
,,,,,,
,,,,,,
,,,,,,
,,,,,,
,,,,,,
,,,,,,
,,,,,,
,,,,,,
,,,,,,
,,,,,,
,,,,,,
,,,,,,
,,,,,,
,,,,,,
,,,,,,
,,,,,,
,,,,,,
,,,,,,
,,,,,,
,,,,,,
,,,,,,
,,,,,,
,,,,,,
,,,,,,
,,,,,,
,,,,,,
,,,,,,
,,,,,,
,,,,,,
,,,,,,
,,,,,,
,,,,,,
,,,,,,
,,,,,,
,,,,,,
,,,,,,
,,,,,,
,,,,,,
,,,,,,
,,,,,,
,,,,,,
,,,,,,
,,,,,,
,,,,,,
,,,,,,
,,,,,,
,,,,,,
,,,,,,
,,,,,,
,,,,,,
,,,,,,
,,,,,,
,,,,,,
,,,,,,
,,,,,,
,,,,,,
,,,,,,
,,,,,,
,,,,,,
,,,,,,
,,,,,,
,,,,,,
,,,,,,
,,,,,,
,,,,,,
,,,,,,
,,,,,,
,,,,,,
,,,,,,
,,,,,,
,,,,,,
,,,,,,
,,,,,,
,,,,,,
,,,,,,
,,,,,,
,,,,,,
,,,,,,
,,,,,,
,,,,,,
,,,,,,
,,,,,,
,,,,,,
,,,,,,
,,,,,,
,,,,,,
,,,,,,
,,,,,,
,,,,,,
,,,,,,
,,,,,,
,,,,,,
,,,,,,
,,,,,,
,,,,,,
,,,,,,
,,,,,,
,,,,,,
,,,,,,
,,,,,,
,,,,,,
,,,,,,
,,,,,,
,,,,,,
,,,,,,
,,,,,,
,,,,,,
,,,,,,
,,,,,,
,,,,,,
,,,,,,
,,,,,,
,,,,,,
,,,,,,
,,,,,,
,,,,,,
,,,,,,
,,,,,,
,,,,,,
,,,,,,
,,,,,,
,,,,,,
,,,,,,
,,,,,,
,,,,,,
,,,,,,
,,,,,,
,,,,,,
,,,,,,
,,,,,,
,,,,,,
,,,,,,
,,,,,,
,,,,,,
,,,,,,
,,,,,,
,,,,,,
,,,,,,
,,,,,,
,,,,,,
,,,,,,
,,,,,,
,,,,,,
,,,,,,
,,,,,,
,,,,,,
,,,,,,
,,,,,,
,,,,,,
,,,,,,
,,,,,,
,,,,,,
,,,,,,
,,,,,,
,,,,,,
,,,,,,
,,,,,,
,,,,,,
,,,,,,
,,,,,,
,,,,,,
,,,,,,
,,,,,,
,,,,,,
,,,,,,
,,,,,,
,,,,,,
,,,,,,
,,,,,,
,,,,,,
,,,,,,
,,,,,,
,,,,,,
,,,,,,
,,,,,,
,,,,,,
,,,,,,
,,,,,,
,,,,,,
,,,,,,
,,,,,,
,,,,,,
,,,,,,
,,,,,,
,,,,,,
,,,,,,
,,,,,,
,,,,,,
,,,,,,
,,,,,,
,,,,,,
,,,,,,
,,,,,,
,,,,,,
,,,,,,
,,,,,,
,,,,,,
,,,,,,
,,,,,,
,,,,,,
,,,,,,
,,,,,,
,,,,,,
,,,,,,
,,,,,,
,,,,,,
,,,,,,
,,,,,,
,,,,,,
,,,,,,
,,,,,,
,,,,,,
,,,,,,
,,,,,,
,,,,,,
,,,,,,
,,,,,,
,,,,,,
,,,,,,
,,,,,,
,,,,,,
,,,,,,
,,,,,,
,,,,,,
,,,,,,
,,,,,,
,,,,,,
,,,,,,
,,,,,,
,,,,,,
,,,,,,
,,,,,,
,,,,,,
,,,,,,
,,,,,,
,,,,,,
,,,,,,
,,,,,,
,,,,,,
,,,,,,
,,,,,,
,,,,,,
,,,,,,
,,,,,,
,,,,,,
,,,,,,
,,,,,,
,,,,,,
,,,,,,
,,,,,,
,,,,,,
,,,,,,
,,,,,,
,,,,,,
,,,,,,
,,,,,,
,,,,,,
,,,,,,
,,,,,,
,,,,,,
,,,,,,
,,,,,,
,,,,,,
,,,,,,
,,,,,,
,,,,,,
,,,,,,
,,,,,,
,,,,,,
,,,,,,
,,,,,,
,,,,,,
,,,,,,
,,,,,,
,,,,,,
,,,,,,
,,,,,,
,,,,,,
,,,,,,
,,,,,,
,,,,,,
,,,,,,
,,,,,,
,,,,,,
,,,,,,
,,,,,,
,,,,,,
,,,,,,
,,,,,,
,,,,,,
,,,,,,
,,,,,,
,,,,,,
,,,,,,
,,,,,,
,,,,,,
,,,,,,
,,,,,,
,,,,,,
,,,,,,
,,,,,,
,,,,,,
,,,,,,
,,,,,,
,,,,,,
,,,,,,
,,,,,,
,,,,,,
,,,,,,
,,,,,,
,,,,,,
,,,,,,
,,,,,,
,,,,,,
,,,,,,
,,,,,,
,,,,,,
,,,,,,
,,,,,,
,,,,,,
,,,,,,
,,,,,,
,,,,,,
,,,,,,
,,,,,,
,,,,,,
,,,,,,
,,,,,,
,,,,,,
,,,,,,
,,,,,,
,,,,,,
,,,,,,
,,,,,,
,,,,,,
,,,,,,
,,,,,,
,,,,,,
,,,,,,
,,,,,,
,,,,,,
,,,,,,
,,,,,,
,,,,,,
,,,,,,
,,,,,,
,,,,,,
,,,,,,
,,,,,,
,,,,,,
,,,,,,
,,,,,,
,,,,,,
,,,,,,
,,,,,,
,,,,,,
,,,,,,
,,,,,,
,,,,,,
,,,,,,
,,,,,,
,,,,,,
,,,,,,
,,,,,,
,,,,,,
,,,,,,
,,,,,,
,,,,,,
,,,,,,
,,,,,,
,,,,,,
,,,,,,
,,,,,,
,,,,,,
,,,,,,
,,,,,,
,,,,,,
,,,,,,
,,,,,,
,,,,,,
,,,,,,
,,,,,,
,,,,,,
,,,,,,
,,,,,,
,,,,,,
,,,,,,
,,,,,,
,,,,,,
,,,,,,
,,,,,,
,,,,,,
,,,,,,
,,,,,,
,,,,,,
,,,,,,
,,,,,,
,,,,,,
,,,,,,
,,,,,,
,,,,,,
,,,,,,
,,,,,,
,,,,,,
,,,,,,
,,,,,,
,,,,,,
,,,,,,
,,,,,,
,,,,,,
,,,,,,
,,,,,,
,,,,,,
,,,,,,
,,,,,,
,,,,,,
,,,,,,
,,,,,,
,,,,,,
,,,,,,
,,,,,,
,,,,,,
,,,,,,
,,,,,,
,,,,,,
,,,,,,
,,,,,,
,,,,,,
,,,,,,
,,,,,,
,,,,,,
,,,,,,
,,,,,,
,,,,,,
,,,,,,
,,,,,,
,,,,,,
,,,,,,
,,,,,,
,,,,,,
,,,,,,
,,,,,,
,,,,,,
,,,,,,
,,,,,,
,,,,,,
,,,,,,
,,,,,,
,,,,,,
,,,,,,
,,,,,,
,,,,,,
,,,,,,
,,,,,,
,,,,,,
,,,,,,
,,,,,,
,,,,,,
,,,,,,
,,,,,,
,,,,,,
,,,,,,
,,,,,,
,,,,,,
,,,,,,
,,,,,,
,,,,,,
,,,,,,
,,,,,,
,,,,,,
,,,,,,
,,,,,,
,,,,,,
,,,,,,
,,,,,,
,,,,,,
,,,,,,
,,,,,,
,,,,,,
,,,,,,
,,,,,,
,,,,,,
,,,,,,
,,,,,,
,,,,,,
,,,,,,
,,,,,,
,,,,,,
,,,,,,
,,,,,,
,,,,,,
,,,,,,
,,,,,,
,,,,,,
,,,,,,
,,,,,,
,,,,,,
,,,,,,
,,,,,,
,,,,,,
,,,,,,
,,,,,,
,,,,,,
,,,,,,
,,,,,,
,,,,,,
,,,,,,
,,,,,,
,,,,,,
,,,,,,
,,,,,,
,,,,,,
,,,,,,
,,,,,,
,,,,,,
,,,,,,
,,,,,,
,,,,,,
,,,,,,
,,,,,,
,,,,,,
,,,,,,
,,,,,,
,,,,,,
,,,,,,
,,,,,,
,,,,,,
,,,,,,
,,,,,,
,,,,,,
,,,,,,
,,,,,,
,,,,,,
,,,,,,
,,,,,,
,,,,,,
,,,,,,
,,,,,,
,,,,,,
,,,,,,
,,,,,,
,,,,,,
,,,,,,
,,,,,,
,,,,,,
,,,,,,
,,,,,,
,,,,,,
,,,,,,
,,,,,,
,,,,,,
,,,,,,
,,,,,,
,,,,,,
,,,,,,
,,,,,,
,,,,,,
,,,,,,
,,,,,,
,,,,,,
,,,,,,
,,,,,,
,,,,,,
,,,,,,
,,,,,,
,,,,,,
,,,,,,
,,,,,,
,,,,,,
,,,,,,
,,,,,,
,,,,,,
,,,,,,
,,,,,,
,,,,,,
,,,,,,
,,,,,,
,,,,,,
,,,,,,
,,,,,,
,,,,,,
,,,,,,
,,,,,,
,,,,,,
,,,,,,
,,,,,,
,,,,,,
,,,,,,
,,,,,,
,,,,,,
,,,,,,
,,,,,,
,,,,,,
,,,,,,
,,,,,,
,,,,,,
,,,,,,
,,,,,,
,,,,,,
,,,,,,
,,,,,,
,,,,,,
,,,,,,
,,,,,,
,,,,,,
,,,,,,
,,,,,,
,,,,,,
,,,,,,
,,,,,,
,,,,,,
,,,,,,
,,,,,,
,,,,,,
,,,,,,
,,,,,,
,,,,,,
,,,,,,
,,,,,,
,,,,,,
,,,,,,
,,,,,,
,,,,,,
,,,,,,
,,,,,,
,,,,,,
,,,,,,
,,,,,,
,,,,,,
,,,,,,
,,,,,,
,,,,,,
,,,,,,
,,,,,,
,,,,,,
,,,,,,
,,,,,,
,,,,,,
,,,,,,
,,,,,,
,,,,,,
,,,,,,
,,,,,,
,,,,,,
,,,,,,
,,,,,,
,,,,,,
,,,,,,
,,,,,,
,,,,,,
,,,,,,
,,,,,,
,,,,,,
,,,,,,
,,,,,,
,,,,,,
,,,,,,
,,,,,,
,,,,,,
,,,,,,
,,,,,,
,,,,,,
,,,,,,
,,,,,,
,,,,,,
,,,,,,
,,,,,,
,,,,,,
,,,,,,
,,,,,,
,,,,,,
,,,,,,
,,,,,,
,,,,,,
,,,,,,
,,,,,,
,,,,,,
,,,,,,
,,,,,,
,,,,,,
,,,,,,
,,,,,,
,,,,,,
,,,,,,
,,,,,,
,,,,,,
,,,,,,
,,,,,,
,,,,,,
,,,,,,
,,,,,,
,,,,,,
,,,,,,
,,,,,,
,,,,,,
,,,,,,
,,,,,,
,,,,,,
,,,,,,
,,,,,,
,,,,,,
,,,,,,
,,,,,,
,,,,,,
,,,,,,
,,,,,,
,,,,,,
,,,,,,
,,,,,,
,,,,,,
,,,,,,
,,,,,,
,,,,,,
,,,,,,
,,,,,,
,,,,,,
,,,,,,
,,,,,,
,,,,,,
,,,,,,
,,,,,,
,,,,,,
,,,,,,
,,,,,,
,,,,,,
,,,,,,
,,,,,,
,,,,,,
,,,,,,
,,,,,,
,,,,,,
,,,,,,
,,,,,,
,,,,,,
,,,,,,
,,,,,,
,,,,,,
,,,,,,
,,,,,,
,,,,,,
,,,,,,
,,,,,,
,,,,,,
,,,,,,
,,,,,,
,,,,,,
,,,,,,
,,,,,,
,,,,,,
,,,,,,
,,,,,,
,,,,,,
,,,,,,
,,,,,,
,,,,,,
,,,,,,
,,,,,,
,,,,,,
,,,,,,
,,,,,,
,,,,,,
,,,,,,
,,,,,,
,,,,,,
,,,,,,
,,,,,,
,,,,,,
,,,,,,
,,,,,,
,,,,,,
,,,,,,
,,,,,,
,,,,,,
,,,,,,
,,,,,,
,,,,,,
,,,,,,
,,,,,,
,,,,,,
,,,,,,
,,,,,,
,,,,,,
,,,,,,
,,,,,,
,,,,,,
,,,,,,
,,,,,,
,,,,,,
,,,,,,
,,,,,,
,,,,,,
,,,,,,
,,,,,,
,,,,,,
,,,,,,
,,,,,,
,,,,,,
,,,,,,
,,,,,,
,,,,,,
,,,,,,
,,,,,,
,,,,,,
,,,,,,
,,,,,,
,,,,,,
,,,,,,
,,,,,,
,,,,,,
,,,,,,
,,,,,,
,,,,,,
,,,,,,
,,,,,,
,,,,,,
,,,,,,
,,,,,,
,,,,,,
,,,,,,
,,,,,,
,,,,,,
,,,,,,
,,,,,,
,,,,,,
,,,,,,
,,,,,,
,,,,,,
,,,,,,
,,,,,,
,,,,,,
,,,,,,
,,,,,,
,,,,,,
,,,,,,
,,,,,,
,,,,,,
,,,,,,
,,,,,,
,,,,,,
,,,,,,
,,,,,,
,,,,,,
,,,,,,
,,,,,,
,,,,,,
,,,,,,
,,,,,,
,,,,,,
,,,,,,
,,,,,,
,,,,,,
,,,,,,
,,,,,,
,,,,,,
,,,,,,
,,,,,,
,,,,,,
,,,,,,
,,,,,,
,,,,,,
,,,,,,
,,,,,,
,,,,,,
,,,,,,
,,,,,,
,,,,,,
,,,,,,
,,,,,,
,,,,,,
,,,,,,
,,,,,,
,,,,,,
,,,,,,
,,,,,,
,,,,,,
,,,,,,
,,,,,,
,,,,,,
,,,,,,
,,,,,,
,,,,,,
,,,,,,
,,,,,,
,,,,,,
,,,,,,
,,,,,,
,,,,,,
,,,,,,
,,,,,,
,,,,,,
,,,,,,
,,,,,,
,,,,,,
,,,,,,
,,,,,,
,,,,,,
,,,,,,
,,,,,,
,,,,,,
,,,,,,
,,,,,,
,,,,,,
,,,,,,
,,,,,,
,,,,,,
,,,,,,
,,,,,,
,,,,,,
,,,,,,
,,,,,,
,,,,,,
,,,,,,
,,,,,,
,,,,,,
,,,,,,
,,,,,,
,,,,,,
,,,,,,
,,,,,,
,,,,,,
,,,,,,
,,,,,,
,,,,,,
,,,,,,
,,,,,,
,,,,,,
,,,,,,
,,,,,,
,,,,,,
,,,,,,
,,,,,,
,,,,,,
,,,,,,
,,,,,,
,,,,,,
,,,,,,
,,,,,,
,,,,,,
,,,,,,
,,,,,,
,,,,,,
,,,,,,
,,,,,,
,,,,,,
,,,,,,
,,,,,,
,,,,,,
,,,,,,
,,,,,,
,,,,,,
,,,,,,
,,,,,,
,,,,,,
,,,,,,
,,,,,,
,,,,,,
,,,,,,
,,,,,,
,,,,,,
,,,,,,
,,,,,,
,,,,,,
,,,,,,
,,,,,,
,,,,,,
,,,,,,
,,,,,,
,,,,,,
,,,,,,
,,,,,,
,,,,,,
,,,,,,
,,,,,,
,,,,,,
,,,,,,
,,,,,,
,,,,,,
,,,,,,
,,,,,,
,,,,,,
,,,,,,
,,,,,,
,,,,,,
,,,,,,
,,,,,,
,,,,,,
,,,,,,
,,,,,,
,,,,,,
,,,,,,
,,,,,,
,,,,,,
,,,,,,
,,,,,,
,,,,,,
,,,,,,
,,,,,,
,,,,,,
,,,,,,
,,,,,,
,,,,,,
,,,,,,
,,,,,,
,,,,,,
,,,,,,
,,,,,,
,,,,,,
,,,,,,
,,,,,,
,,,,,,
,,,,,,
,,,,,,
,,,,,,
,,,,,,
,,,,,,
,,,,,,
,,,,,,
,,,,,,
,,,,,,
,,,,,,
,,,,,,
,,,,,,
,,,,,,
,,,,,,
,,,,,,
,,,,,,
,,,,,,
,,,,,,
,,,,,,
,,,,,,
,,,,,,
,,,,,,
,,,,,,
,,,,,,
,,,,,,
,,,,,,
,,,,,,
,,,,,,
,,,,,,
,,,,,,
,,,,,,
,,,,,,
,,,,,,
,,,,,,
,,,,,,
,,,,,,
,,,,,,
,,,,,,
,,,,,,
,,,,,,
,,,,,,
,,,,,,
,,,,,,
,,,,,,
,,,,,,
,,,,,,
,,,,,,
,,,,,,
,,,,,,
,,,,,,
,,,,,,
,,,,,,
,,,,,,
,,,,,,
,,,,,,
,,,,,,
,,,,,,
,,,,,,
,,,,,,
,,,,,,
,,,,,,
,,,,,,
,,,,,,
,,,,,,
,,,,,,
,,,,,,
,,,,,,
,,,,,,
,,,,,,
,,,,,,
,,,,,,
,,,,,,
,,,,,,
,,,,,,
,,,,,,
,,,,,,
,,,,,,
,,,,,,
,,,,,,
,,,,,,
,,,,,,
,,,,,,
,,,,,,
,,,,,,
,,,,,,
,,,,,,
,,,,,,
,,,,,,
,,,,,,
,,,,,,
,,,,,,
,,,,,,
,,,,,,
,,,,,,
,,,,,,
,,,,,,
,,,,,,
,,,,,,
,,,,,,
,,,,,,
,,,,,,
,,,,,,
,,,,,,
,,,,,,
,,,,,,
,,,,,,
,,,,,,
,,,,,,
,,,,,,
,,,,,,
,,,,,,
,,,,,,
,,,,,,
,,,,,,
,,,,,,
,,,,,,
,,,,,,
,,,,,,
,,,,,,
,,,,,,
,,,,,,
,,,,,,
,,,,,,
,,,,,,
,,,,,,
,,,,,,
,,,,,,
,,,,,,
,,,,,,
,,,,,,
,,,,,,
,,,,,,
,,,,,,
,,,,,,
,,,,,,
,,,,,,
,,,,,,
,,,,,,
,,,,,,
,,,,,,
,,,,,,
,,,,,,
,,,,,,
,,,,,,
,,,,,,
,,,,,,
,,,,,,
,,,,,,
,,,,,,
,,,,,,
,,,,,,
,,,,,,
,,,,,,
,,,,,,
,,,,,,
,,,,,,
,,,,,,
,,,,,,
,,,,,,
,,,,,,
,,,,,,
,,,,,,
,,,,,,
,,,,,,
,,,,,,
,,,,,,
,,,,,,
,,,,,,
,,,,,,
,,,,,,
,,,,,,
,,,,,,
,,,,,,
,,,,,,
,,,,,,
,,,,,,
,,,,,,
,,,,,,
,,,,,,
,,,,,,
,,,,,,
,,,,,,
,,,,,,
,,,,,,
,,,,,,
,,,,,,
,,,,,,
,,,,,,
,,,,,,
,,,,,,
,,,,,,
,,,,,,
,,,,,,
,,,,,,
,,,,,,
,,,,,,
,,,,,,
,,,,,,
,,,,,,
,,,,,,
,,,,,,
,,,,,,
,,,,,,
,,,,,,
,,,,,,
,,,,,,
,,,,,,
,,,,,,
,,,,,,
,,,,,,
,,,,,,
,,,,,,
,,,,,,
,,,,,,
,,,,,,
,,,,,,
,,,,,,
,,,,,,
,,,,,,
,,,,,,
,,,,,,
,,,,,,
,,,,,,
,,,,,,
,,,,,,
,,,,,,
,,,,,,
,,,,,,
,,,,,,
,,,,,,
,,,,,,
,,,,,,
,,,,,,
,,,,,,
,,,,,,
,,,,,,
,,,,,,
,,,,,,
,,,,,,
,,,,,,
,,,,,,
,,,,,,
,,,,,,
,,,,,,
,,,,,,
,,,,,,
,,,,,,
,,,,,,
,,,,,,
,,,,,,
,,,,,,
,,,,,,
,,,,,,
,,,,,,
,,,,,,
,,,,,,
,,,,,,
,,,,,,
,,,,,,
,,,,,,
,,,,,,
,,,,,,
,,,,,,
,,,,,,
,,,,,,
,,,,,,
,,,,,,
,,,,,,
,,,,,,
,,,,,,
,,,,,,
,,,,,,
,,,,,,
,,,,,,
,,,,,,
,,,,,,
,,,,,,
,,,,,,
,,,,,,
,,,,,,
,,,,,,
,,,,,,
,,,,,,
,,,,,,
,,,,,,
,,,,,,
,,,,,,
,,,,,,
,,,,,,
,,,,,,
,,,,,,
,,,,,,
,,,,,,
,,,,,,
,,,,,,
,,,,,,
,,,,,,
,,,,,,
,,,,,,
,,,,,,
,,,,,,
,,,,,,
,,,,,,
,,,,,,
,,,,,,
,,,,,,
,,,,,,
,,,,,,
,,,,,,
,,,,,,
,,,,,,
,,,,,,
,,,,,,
,,,,,,
,,,,,,
,,,,,,
,,,,,,
,,,,,,
,,,,,,
,,,,,,
,,,,,,
,,,,,,
,,,,,,
,,,,,,
,,,,,,
,,,,,,
,,,,,,
,,,,,,
,,,,,,
,,,,,,
,,,,,,
,,,,,,
,,,,,,
,,,,,,
,,,,,,
,,,,,,
,,,,,,
,,,,,,
,,,,,,
,,,,,,
,,,,,,
,,,,,,
,,,,,,
,,,,,,
,,,,,,
,,,,,,
,,,,,,
,,,,,,
,,,,,,
,,,,,,
,,,,,,
,,,,,,
,,,,,,
,,,,,,
,,,,,,
,,,,,,
,,,,,,
,,,,,,
,,,,,,
,,,,,,
,,,,,,
,,,,,,
,,,,,,
,,,,,,
,,,,,,
,,,,,,
,,,,,,
,,,,,,
,,,,,,
,,,,,,
,,,,,,
,,,,,,
,,,,,,
,,,,,,
,,,,,,
,,,,,,
,,,,,,
,,,,,,
,,,,,,
,,,,,,
,,,,,,
,,,,,,
,,,,,,
,,,,,,
,,,,,,
,,,,,,
,,,,,,
,,,,,,
,,,,,,
,,,,,,
,,,,,,
,,,,,,
,,,,,,
,,,,,,
,,,,,,
,,,,,,
,,,,,,
,,,,,,
,,,,,,
,,,,,,
,,,,,,
,,,,,,
,,,,,,
,,,,,,
,,,,,,
,,,,,,
,,,,,,
,,,,,,
,,,,,,
,,,,,,
,,,,,,
,,,,,,
,,,,,,
,,,,,,
,,,,,,
,,,,,,
,,,,,,
,,,,,,
,,,,,,
,,,,,,
,,,,,,
,,,,,,
,,,,,,
,,,,,,
,,,,,,
,,,,,,
,,,,,,
,,,,,,
,,,,,,
,,,,,,
,,,,,,
,,,,,,
,,,,,,
,,,,,,
,,,,,,
,,,,,,
,,,,,,
,,,,,,
,,,,,,
,,,,,,
,,,,,,
,,,,,,
,,,,,,
,,,,,,
,,,,,,
,,,,,,
,,,,,,
,,,,,,
,,,,,,
,,,,,,
,,,,,,
,,,,,,
,,,,,,
,,,,,,
,,,,,,
,,,,,,
,,,,,,
,,,,,,
,,,,,,
,,,,,,
,,,,,,
,,,,,,
,,,,,,
,,,,,,
,,,,,,
,,,,,,
,,,,,,
,,,,,,
,,,,,,
,,,,,,
,,,,,,
,,,,,,
,,,,,,
,,,,,,
,,,,,,
,,,,,,
,,,,,,
,,,,,,
,,,,,,
,,,,,,
,,,,,,
,,,,,,
,,,,,,
,,,,,,
,,,,,,
,,,,,,
,,,,,,
,,,,,,
,,,,,,
,,,,,,
,,,,,,
,,,,,,
,,,,,,
,,,,,,
,,,,,,
,,,,,,
,,,,,,
,,,,,,
,,,,,,
,,,,,,
,,,,,,
,,,,,,
,,,,,,
,,,,,,
,,,,,,
,,,,,,
,,,,,,
,,,,,,
,,,,,,
,,,,,,
,,,,,,
,,,,,,
,,,,,,
,,,,,,
,,,,,,
,,,,,,
,,,,,,
,,,,,,
,,,,,,
,,,,,,
,,,,,,
,,,,,,
,,,,,,
,,,,,,
,,,,,,
,,,,,,
,,,,,,
,,,,,,
,,,,,,
,,,,,,
,,,,,,
,,,,,,
,,,,,,
,,,,,,
,,,,,,
,,,,,,
,,,,,,
,,,,,,
,,,,,,
,,,,,,
,,,,,,
,,,,,,
,,,,,,
,,,,,,
,,,,,,
,,,,,,
,,,,,,
,,,,,,
,,,,,,
,,,,,,
,,,,,,
,,,,,,
,,,,,,
,,,,,,
,,,,,,
,,,,,,
,,,,,,
,,,,,,
,,,,,,
,,,,,,
,,,,,,
,,,,,,
,,,,,,
,,,,,,
,,,,,,
,,,,,,
,,,,,,
,,,,,,
,,,,,,
,,,,,,
,,,,,,
,,,,,,
,,,,,,
,,,,,,
,,,,,,
,,,,,,
,,,,,,
,,,,,,
,,,,,,
,,,,,,
,,,,,,
,,,,,,
,,,,,,
,,,,,,
,,,,,,
,,,,,,
,,,,,,
,,,,,,
,,,,,,
,,,,,,
,,,,,,
,,,,,,
,,,,,,
,,,,,,
,,,,,,
,,,,,,
,,,,,,
,,,,,,
,,,,,,
,,,,,,
,,,,,,
,,,,,,
,,,,,,
,,,,,,
,,,,,,
,,,,,,
,,,,,,
,,,,,,
,,,,,,
,,,,,,
,,,,,,
,,,,,,
,,,,,,
,,,,,,
,,,,,,
,,,,,,
,,,,,,
,,,,,,
,,,,,,
,,,,,,
,,,,,,
,,,,,,
,,,,,,
,,,,,,
,,,,,,
,,,,,,
,,,,,,
,,,,,,
,,,,,,
,,,,,,
,,,,,,
,,,,,,
,,,,,,
,,,,,,
,,,,,,
,,,,,,
,,,,,,
,,,,,,
,,,,,,
,,,,,,
,,,,,,
,,,,,,
,,,,,,
,,,,,,
,,,,,,
,,,,,,
,,,,,,
,,,,,,
,,,,,,
,,,,,,
,,,,,,
,,,,,,
,,,,,,
,,,,,,
,,,,,,
,,,,,,
,,,,,,
,,,,,,
,,,,,,
,,,,,,
,,,,,,
,,,,,,
,,,,,,
,,,,,,
,,,,,,
,,,,,,
,,,,,,
,,,,,,
,,,,,,
,,,,,,
,,,,,,
,,,,,,
,,,,,,
,,,,,,
,,,,,,
,,,,,,
,,,,,,
,,,,,,
,,,,,,
,,,,,,
,,,,,,
,,,,,,
,,,,,,
,,,,,,
,,,,,,
,,,,,,
,,,,,,
,,,,,,
,,,,,,
,,,,,,
,,,,,,
,,,,,,
,,,,,,
,,,,,,
,,,,,,
,,,,,,
,,,,,,
,,,,,,
,,,,,,
,,,,,,
,,,,,,
,,,,,,
,,,,,,
,,,,,,
,,,,,,
,,,,,,
,,,,,,
,,,,,,
,,,,,,
,,,,,,
,,,,,,
,,,,,,
,,,,,,
,,,,,,
,,,,,,
,,,,,,
,,,,,,
,,,,,,
,,,,,,
,,,,,,
,,,,,,
,,,,,,
,,,,,,
,,,,,,
,,,,,,
,,,,,,
,,,,,,
,,,,,,
,,,,,,
,,,,,,
,,,,,,
,,,,,,
,,,,,,
,,,,,,
,,,,,,
,,,,,,
,,,,,,
,,,,,,
,,,,,,
,,,,,,
,,,,,,
,,,,,,
,,,,,,
,,,,,,
,,,,,,
,,,,,,
,,,,,,
,,,,,,
,,,,,,
,,,,,,
,,,,,,
,,,,,,
,,,,,,
,,,,,,
,,,,,,
,,,,,,
,,,,,,
,,,,,,
,,,,,,
,,,,,,
,,,,,,
,,,,,,
,,,,,,
,,,,,,
,,,,,,
,,,,,,
,,,,,,
,,,,,,
,,,,,,
,,,,,,
,,,,,,
,,,,,,
,,,,,,
,,,,,,
,,,,,,
,,,,,,
,,,,,,
,,,,,,
,,,,,,
,,,,,,
,,,,,,
,,,,,,
,,,,,,
,,,,,,
,,,,,,
,,,,,,
,,,,,,
,,,,,,
,,,,,,
,,,,,,
,,,,,,
,,,,,,
,,,,,,
,,,,,,
,,,,,,
,,,,,,
,,,,,,
,,,,,,
,,,,,,
,,,,,,
,,,,,,
,,,,,,
,,,,,,
,,,,,,
,,,,,,
,,,,,,
,,,,,,
,,,,,,
,,,,,,
,,,,,,
,,,,,,
,,,,,,
,,,,,,
,,,,,,
,,,,,,
,,,,,,
,,,,,,
,,,,,,
,,,,,,
,,,,,,
,,,,,,
,,,,,,
,,,,,,
,,,,,,
,,,,,,
,,,,,,
,,,,,,
,,,,,,
,,,,,,
,,,,,,
,,,,,,
,,,,,,
,,,,,,
,,,,,,
,,,,,,
,,,,,,
,,,,,,
,,,,,,
,,,,,,
,,,,,,
,,,,,,
,,,,,,
,,,,,,
,,,,,,
,,,,,,
,,,,,,
,,,,,,
,,,,,,
,,,,,,
,,,,,,
,,,,,,
,,,,,,
,,,,,,
,,,,,,
,,,,,,
,,,,,,
,,,,,,
,,,,,,
,,,,,,
,,,,,,
,,,,,,
,,,,,,
,,,,,,
,,,,,,
,,,,,,
,,,,,,
,,,,,,
,,,,,,
,,,,,,
,,,,,,
,,,,,,
,,,,,,
,,,,,,
,,,,,,
,,,,,,
,,,,,,
,,,,,,
,,,,,,
,,,,,,
,,,,,,
,,,,,,
,,,,,,
,,,,,,
,,,,,,
,,,,,,
,,,,,,
,,,,,,
,,,,,,
,,,,,,
,,,,,,
,,,,,,
,,,,,,
,,,,,,
,,,,,,
,,,,,,
,,,,,,
,,,,,,
,,,,,,
,,,,,,
,,,,,,
,,,,,,
,,,,,,
,,,,,,
,,,,,,
,,,,,,
,,,,,,
,,,,,,
,,,,,,
,,,,,,
,,,,,,
,,,,,,
,,,,,,
,,,,,,
,,,,,,
,,,,,,
,,,,,,
,,,,,,
,,,,,,
,,,,,,
,,,,,,
,,,,,,
,,,,,,
,,,,,,
,,,,,,
,,,,,,
,,,,,,
,,,,,,
,,,,,,
,,,,,,
,,,,,,
,,,,,,
,,,,,,
,,,,,,
,,,,,,
,,,,,,
,,,,,,
,,,,,,
,,,,,,
,,,,,,
,,,,,,
,,,,,,
,,,,,,
,,,,,,
,,,,,,
,,,,,,
,,,,,,
,,,,,,
,,,,,,
,,,,,,
,,,,,,
,,,,,,
,,,,,,
,,,,,,
,,,,,,
,,,,,,
,,,,,,
,,,,,,
,,,,,,
,,,,,,
,,,,,,
,,,,,,
,,,,,,
,,,,,,
,,,,,,
,,,,,,
,,,,,,
,,,,,,
,,,,,,
,,,,,,
,,,,,,
,,,,,,
,,,,,,
,,,,,,
,,,,,,
,,,,,,
,,,,,,
,,,,,,
,,,,,,
,,,,,,
,,,,,,
,,,,,,
,,,,,,
,,,,,,
,,,,,,
,,,,,,
,,,,,,
,,,,,,
,,,,,,
,,,,,,
,,,,,,
,,,,,,
,,,,,,
,,,,,,
,,,,,,
,,,,,,
,,,,,,
,,,,,,
,,,,,,
,,,,,,
,,,,,,
,,,,,,
,,,,,,
,,,,,,
,,,,,,
,,,,,,
,,,,,,
,,,,,,
,,,,,,
,,,,,,
,,,,,,
,,,,,,
,,,,,,
,,,,,,
,,,,,,
,,,,,,
,,,,,,
,,,,,,
,,,,,,
,,,,,,
,,,,,,
,,,,,,
,,,,,,
,,,,,,
,,,,,,
,,,,,,
,,,,,,
,,,,,,
,,,,,,
,,,,,,
,,,,,,
,,,,,,
,,,,,,
,,,,,,
,,,,,,
,,,,,,
,,,,,,
,,,,,,
,,,,,,
,,,,,,
,,,,,,
,,,,,,
,,,,,,
,,,,,,
,,,,,,
,,,,,,
,,,,,,
,,,,,,
,,,,,,
,,,,,,
,,,,,,
,,,,,,
,,,,,,
,,,,,,
,,,,,,
,,,,,,
,,,,,,
,,,,,,
,,,,,,
,,,,,,
,,,,,,
,,,,,,
,,,,,,
,,,,,,
,,,,,,
,,,,,,
,,,,,,
,,,,,,
,,,,,,
,,,,,,
,,,,,,
,,,,,,
,,,,,,
,,,,,,
,,,,,,
,,,,,,
,,,,,,
,,,,,,
,,,,,,
,,,,,,
,,,,,,
,,,,,,
,,,,,,
,,,,,,
,,,,,,
,,,,,,
,,,,,,
,,,,,,
,,,,,,
,,,,,,
,,,,,,
,,,,,,
,,,,,,
,,,,,,
,,,,,,
,,,,,,
,,,,,,
,,,,,,
,,,,,,
,,,,,,
,,,,,,
,,,,,,
,,,,,,
,,,,,,
,,,,,,
,,,,,,
,,,,,,
,,,,,,
,,,,,,
,,,,,,
,,,,,,
,,,,,,
,,,,,,
,,,,,,
,,,,,,
,,,,,,
,,,,,,
,,,,,,
,,,,,,
,,,,,,
,,,,,,
,,,,,,
,,,,,,
,,,,,,
,,,,,,
,,,,,,
,,,,,,
,,,,,,
,,,,,,
,,,,,,
,,,,,,
,,,,,,
,,,,,,
,,,,,,
,,,,,,
,,,,,,
,,,,,,
,,,,,,
,,,,,,
,,,,,,
,,,,,,
,,,,,,
,,,,,,
,,,,,,
,,,,,,
,,,,,,
,,,,,,
,,,,,,
,,,,,,
,,,,,,
,,,,,,
,,,,,,
,,,,,,
,,,,,,
,,,,,,
,,,,,,
,,,,,,
,,,,,,
,,,,,,
,,,,,,
,,,,,,
,,,,,,
,,,,,,
,,,,,,
,,,,,,
,,,,,,
,,,,,,
,,,,,,
,,,,,,
,,,,,,
,,,,,,
,,,,,,
,,,,,,
,,,,,,
,,,,,,
,,,,,,
,,,,,,
,,,,,,
,,,,,,
,,,,,,
,,,,,,
,,,,,,
,,,,,,
,,,,,,
,,,,,,
,,,,,,
,,,,,,
,,,,,,
,,,,,,
,,,,,,
,,,,,,
,,,,,,
,,,,,,
,,,,,,
,,,,,,
,,,,,,
,,,,,,
,,,,,,
,,,,,,
,,,,,,
,,,,,,
,,,,,,
,,,,,,
,,,,,,
,,,,,,
,,,,,,
,,,,,,
,,,,,,
,,,,,,
,,,,,,
,,,,,,
,,,,,,
,,,,,,
,,,,,,
,,,,,,
,,,,,,
,,,,,,
,,,,,,
,,,,,,
,,,,,,
,,,,,,
,,,,,,
,,,,,,
,,,,,,
,,,,,,
,,,,,,
,,,,,,
,,,,,,
,,,,,,
,,,,,,
,,,,,,
,,,,,,
,,,,,,
,,,,,,
,,,,,,
,,,,,,
,,,,,,
,,,,,,
,,,,,,
,,,,,,
,,,,,,
,,,,,,
,,,,,,
,,,,,,
,,,,,,
,,,,,,
,,,,,,
,,,,,,
,,,,,,
,,,,,,
,,,,,,
,,,,,,
,,,,,,
,,,,,,
,,,,,,
,,,,,,
,,,,,,
,,,,,,
,,,,,,
,,,,,,
,,,,,,
,,,,,,
,,,,,,
,,,,,,
,,,,,,
,,,,,,
,,,,,,
,,,,,,
,,,,,,
,,,,,,
,,,,,,
,,,,,,
,,,,,,
,,,,,,
,,,,,,
,,,,,,
,,,,,,
,,,,,,
,,,,,,
,,,,,,
,,,,,,
,,,,,,
,,,,,,
,,,,,,
,,,,,,
,,,,,,
,,,,,,
,,,,,,
,,,,,,
,,,,,,
,,,,,,
,,,,,,
,,,,,,
,,,,,,
,,,,,,
,,,,,,
,,,,,,
,,,,,,
,,,,,,
,,,,,,
,,,,,,
,,,,,,
,,,,,,
,,,,,,
,,,,,,
,,,,,,
,,,,,,
,,,,,,
,,,,,,
,,,,,,
,,,,,,
,,,,,,
,,,,,,
,,,,,,
,,,,,,
,,,,,,
,,,,,,
,,,,,,
,,,,,,
,,,,,,
,,,,,,
,,,,,,
,,,,,,
,,,,,,
,,,,,,
,,,,,,
,,,,,,
,,,,,,
,,,,,,
,,,,,,
,,,,,,
,,,,,,
,,,,,,
,,,,,,
,,,,,,
,,,,,,
,,,,,,
,,,,,,
,,,,,,
,,,,,,
,,,,,,
,,,,,,
,,,,,,
,,,,,,
,,,,,,
,,,,,,
,,,,,,
,,,,,,
,,,,,,
,,,,,,
,,,,,,
,,,,,,
,,,,,,
,,,,,,
,,,,,,
,,,,,,
,,,,,,
,,,,,,
,,,,,,
,,,,,,
,,,,,,
,,,,,,
,,,,,,
,,,,,,
,,,,,,
,,,,,,
,,,,,,
,,,,,,
,,,,,,
,,,,,,
,,,,,,
,,,,,,
,,,,,,
,,,,,,
,,,,,,
,,,,,,
,,,,,,
,,,,,,
,,,,,,
,,,,,,
,,,,,,
,,,,,,
,,,,,,
,,,,,,
,,,,,,
,,,,,,
,,,,,,
,,,,,,
,,,,,,
,,,,,,
,,,,,,
,,,,,,
,,,,,,
,,,,,,
,,,,,,
,,,,,,
,,,,,,
,,,,,,
,,,,,,
,,,,,,
,,,,,,
,,,,,,
,,,,,,
,,,,,,
,,,,,,
,,,,,,
,,,,,,
,,,,,,
,,,,,,
,,,,,,
,,,,,,
,,,,,,
,,,,,,
,,,,,,
,,,,,,
,,,,,,
,,,,,,
,,,,,,
,,,,,,
,,,,,,
,,,,,,
,,,,,,
,,,,,,
,,,,,,
,,,,,,
,,,,,,
,,,,,,
,,,,,,
,,,,,,
,,,,,,
,,,,,,
,,,,,,
,,,,,,
,,,,,,
,,,,,,
,,,,,,
,,,,,,
,,,,,,
,,,,,,
,,,,,,
,,,,,,
,,,,,,
,,,,,,
,,,,,,
,,,,,,
,,,,,,
,,,,,,
,,,,,,
,,,,,,
,,,,,,
,,,,,,
,,,,,,
,,,,,,
,,,,,,
,,,,,,
,,,,,,
,,,,,,
,,,,,,
,,,,,,
,,,,,,
,,,,,,
,,,,,,
,,,,,,
,,,,,,
,,,,,,
,,,,,,
,,,,,,
,,,,,,
,,,,,,
,,,,,,
,,,,,,
,,,,,,
,,,,,,
,,,,,,
,,,,,,
,,,,,,
,,,,,,
,,,,,,
,,,,,,
,,,,,,
,,,,,,
,,,,,,
,,,,,,
,,,,,,
,,,,,,
,,,,,,
,,,,,,
,,,,,,
,,,,,,
,,,,,,
,,,,,,
,,,,,,
,,,,,,
,,,,,,
,,,,,,
,,,,,,
,,,,,,
,,,,,,
,,,,,,
,,,,,,
,,,,,,
,,,,,,
,,,,,,
,,,,,,
,,,,,,
,,,,,,
,,,,,,
,,,,,,
,,,,,,
,,,,,,
,,,,,,
,,,,,,
,,,,,,
,,,,,,
,,,,,,
,,,,,,
,,,,,,
,,,,,,
,,,,,,
,,,,,,
,,,,,,
,,,,,,
,,,,,,
,,,,,,
,,,,,,
,,,,,,
,,,,,,
,,,,,,
,,,,,,
,,,,,,
,,,,,,
,,,,,,
,,,,,,
,,,,,,
,,,,,,
,,,,,,
,,,,,,
,,,,,,
,,,,,,
,,,,,,
,,,,,,
,,,,,,
,,,,,,
,,,,,,
,,,,,,
,,,,,,
,,,,,,
,,,,,,
,,,,,,
,,,,,,
,,,,,,
,,,,,,
,,,,,,
,,,,,,
,,,,,,
,,,,,,
,,,,,,
,,,,,,
,,,,,,
,,,,,,
,,,,,,
,,,,,,
,,,,,,
,,,,,,
,,,,,,
,,,,,,
,,,,,,
,,,,,,
,,,,,,
,,,,,,
,,,,,,
,,,,,,
,,,,,,
,,,,,,
,,,,,,
,,,,,,
,,,,,,
,,,,,,
,,,,,,
,,,,,,
,,,,,,
,,,,,,
,,,,,,
,,,,,,
,,,,,,
,,,,,,
,,,,,,
,,,,,,
,,,,,,
,,,,,,
,,,,,,
,,,,,,
,,,,,,
,,,,,,
,,,,,,
,,,,,,
,,,,,,
,,,,,,
,,,,,,
,,,,,,
,,,,,,
,,,,,,
,,,,,,
,,,,,,
,,,,,,
,,,,,,
,,,,,,
,,,,,,
,,,,,,
,,,,,,
,,,,,,
,,,,,,
,,,,,,
,,,,,,
,,,,,,
,,,,,,
,,,,,,
,,,,,,
,,,,,,
,,,,,,
,,,,,,
,,,,,,
,,,,,,
,,,,,,
,,,,,,
,,,,,,
,,,,,,
,,,,,,
,,,,,,
,,,,,,
,,,,,,
,,,,,,
,,,,,,
,,,,,,
,,,,,,
,,,,,,
,,,,,,
,,,,,,
,,,,,,
,,,,,,
,,,,,,
,,,,,,
,,,,,,
,,,,,,
,,,,,,
,,,,,,
,,,,,,
,,,,,,
,,,,,,
,,,,,,
,,,,,,
,,,,,,
,,,,,,
,,,,,,
,,,,,,
,,,,,,
,,,,,,
,,,,,,
,,,,,,
,,,,,,
,,,,,,
,,,,,,
,,,,,,
,,,,,,
,,,,,,
,,,,,,
,,,,,,
,,,,,,
,,,,,,
,,,,,,
,,,,,,
,,,,,,
,,,,,,
,,,,,,
,,,,,,
,,,,,,
,,,,,,
,,,,,,
,,,,,,
,,,,,,
,,,,,,
,,,,,,
,,,,,,
,,,,,,
,,,,,,
,,,,,,
,,,,,,
,,,,,,
,,,,,,
,,,,,,
,,,,,,
,,,,,,
,,,,,,
,,,,,,
,,,,,,
,,,,,,
,,,,,,
,,,,,,
,,,,,,
,,,,,,
,,,,,,
,,,,,,
,,,,,,
,,,,,,
,,,,,,
,,,,,,
,,,,,,
,,,,,,
,,,,,,
,,,,,,
,,,,,,
,,,,,,
,,,,,,
,,,,,,
,,,,,,
,,,,,,
,,,,,,
,,,,,,
,,,,,,
,,,,,,
,,,,,,
,,,,,,
,,,,,,
,,,,,,
,,,,,,
,,,,,,
,,,,,,
,,,,,,
,,,,,,
,,,,,,
,,,,,,
,,,,,,
,,,,,,
,,,,,,
,,,,,,
,,,,,,
,,,,,,
,,,,,,
,,,,,,
,,,,,,
,,,,,,
,,,,,,
,,,,,,
,,,,,,
,,,,,,
,,,,,,
,,,,,,
,,,,,,
,,,,,,
,,,,,,
,,,,,,
,,,,,,
,,,,,,
,,,,,,
,,,,,,
,,,,,,
,,,,,,
,,,,,,
,,,,,,
,,,,,,
,,,,,,
,,,,,,
,,,,,,
,,,,,,
,,,,,,
,,,,,,
,,,,,,
,,,,,,
,,,,,,
,,,,,,
,,,,,,
,,,,,,
,,,,,,
,,,,,,
,,,,,,
,,,,,,
,,,,,,
,,,,,,
,,,,,,
,,,,,,
,,,,,,
,,,,,,
,,,,,,
,,,,,,
,,,,,,
,,,,,,
,,,,,,
,,,,,,
,,,,,,
,,,,,,
,,,,,,
,,,,,,
,,,,,,
,,,,,,
,,,,,,
,,,,,,
,,,,,,
,,,,,,
,,,,,,
,,,,,,
,,,,,,
,,,,,,
,,,,,,
,,,,,,
,,,,,,
,,,,,,
,,,,,,
,,,,,,
,,,,,,
,,,,,,
,,,,,,
,,,,,,
,,,,,,
,,,,,,
,,,,,,
,,,,,,
,,,,,,
,,,,,,
,,,,,,
,,,,,,
,,,,,,
,,,,,,
,,,,,,
,,,,,,
,,,,,,
,,,,,,
,,,,,,
,,,,,,
,,,,,,
,,,,,,
,,,,,,
,,,,,,
,,,,,,
,,,,,,
,,,,,,
,,,,,,
,,,,,,
,,,,,,
,,,,,,
,,,,,,
,,,,,,
,,,,,,
,,,,,,
,,,,,,
,,,,,,
,,,,,,
,,,,,,
,,,,,,
,,,,,,
,,,,,,
,,,,,,
,,,,,,
,,,,,,
,,,,,,
,,,,,,
,,,,,,
,,,,,,
,,,,,,
,,,,,,
,,,,,,
,,,,,,
,,,,,,
,,,,,,
,,,,,,
,,,,,,
,,,,,,
,,,,,,
,,,,,,
,,,,,,
,,,,,,
,,,,,,
,,,,,,
,,,,,,
,,,,,,
,,,,,,
,,,,,,
,,,,,,
,,,,,,
,,,,,,
,,,,,,
,,,,,,
,,,,,,
,,,,,,
,,,,,,
,,,,,,
,,,,,,
,,,,,,
,,,,,,
,,,,,,
,,,,,,
,,,,,,
,,,,,,
,,,,,,
,,,,,,
,,,,,,
,,,,,,
,,,,,,
,,,,,,
,,,,,,
,,,,,,
,,,,,,
,,,,,,
,,,,,,
,,,,,,
,,,,,,
,,,,,,
,,,,,,
,,,,,,
,,,,,,
,,,,,,
,,,,,,
,,,,,,
,,,,,,
,,,,,,
,,,,,,
,,,,,,
,,,,,,
,,,,,,
,,,,,,
,,,,,,
,,,,,,
,,,,,,
,,,,,,
,,,,,,
,,,,,,
,,,,,,
,,,,,,
,,,,,,
,,,,,,
,,,,,,
,,,,,,
,,,,,,
,,,,,,
,,,,,,
,,,,,,
,,,,,,
,,,,,,
,,,,,,
,,,,,,
,,,,,,
,,,,,,
,,,,,,
,,,,,,
,,,,,,
,,,,,,
,,,,,,
,,,,,,
,,,,,,
,,,,,,
,,,,,,
,,,,,,
,,,,,,
,,,,,,
,,,,,,
,,,,,,
,,,,,,
,,,,,,
,,,,,,
,,,,,,
,,,,,,
,,,,,,
,,,,,,
,,,,,,
,,,,,,
,,,,,,
,,,,,,
,,,,,,
,,,,,,
,,,,,,
,,,,,,
,,,,,,
,,,,,,
,,,,,,
,,,,,,
,,,,,,
,,,,,,
,,,,,,
,,,,,,
,,,,,,
,,,,,,
